path	v_on	t_on	v_off	t_off	class
/home/ubuntu/cbmc-github.git/bench-multiplication/smt-comp-sample/20190311-bv-term-small-rw-Noetzli_bv-term-small-rw_1184.smt2	unsat	0.01	unsat	0.01	ARTIFACT
/home/ubuntu/cbmc-github.git/bench-multiplication/smt-comp-sample/20190311-bv-term-small-rw-Noetzli_bv-term-small-rw_1219.smt2	unsat	0.01	unsat	0.01	ARTIFACT
/home/ubuntu/cbmc-github.git/bench-multiplication/smt-comp-sample/20190311-bv-term-small-rw-Noetzli_bv-term-small-rw_1303.smt2	unsat	0.01	unsat	0.01	ARTIFACT
/home/ubuntu/cbmc-github.git/bench-multiplication/smt-comp-sample/20190311-bv-term-small-rw-Noetzli_bv-term-small-rw_796.smt2	unsat	0.01	unsat	0.01	ARTIFACT
/home/ubuntu/cbmc-github.git/bench-multiplication/smt-comp-sample/20190311-bv-term-small-rw-Noetzli_bv-term-small-rw_986.smt2	unsat	0.01	unsat	0.01	ARTIFACT
/home/ubuntu/cbmc-github.git/bench-multiplication/smt-comp-sample/20220315-ecrw_rw_rule_candidate_vmcai_2022_bw512_15.smt2	unsat	0.02	unsat	0.02	ARTIFACT
/home/ubuntu/cbmc-github.git/bench-multiplication/smt-comp-sample/2018-Goel-hwbench_QF_BV_collision.1.prop1_cc_reg_max.smt2	unsat	0.04	unsat	0.04	ARTIFACT
/home/ubuntu/cbmc-github.git/bench-multiplication/smt-comp-sample/20221012-MCMPC_wage_circuit_div_wage_circuit_div.t1.i22.948dd618.smt2	unsat	0.02	sat	0.02	ARTIFACT
/home/ubuntu/cbmc-github.git/bench-multiplication/smt-comp-sample/20221012-MCMPC_wage_circuit_div_wage_circuit_div.t1.i30.969e0c8a.smt2	unsat	0.02	sat	0.02	ARTIFACT
/home/ubuntu/cbmc-github.git/bench-multiplication/smt-comp-sample/20220315-ecrw_rw_rule_candidate_vmcai_2022_bw512_12.smt2	unsat	0.13	unsat	0.13	ARTIFACT
/home/ubuntu/cbmc-github.git/bench-multiplication/smt-comp-sample/20220315-ecrw_rw_rule_candidate_vmcai_2022_bw512_7.smt2	unsat	1.23	unsat	1.21	ARTIFACT
/home/ubuntu/cbmc-github.git/bench-multiplication/smt-comp-sample/20230321-UltimateAutomizerSvcomp2023_cohencu.c_1.smt2	unsat	0.01	TO	60.01	NEEDS_ALGEBRA
/home/ubuntu/cbmc-github.git/bench-multiplication/smt-comp-sample/20230321-UltimateAutomizerSvcomp2023_cohencu.c_0.smt2	unsat	1.68	TO	60.01	NEEDS_ALGEBRA
/home/ubuntu/cbmc-github.git/bench-multiplication/smt-comp-sample/20220315-ecrw_rw_rule_candidate_vmcai_2022_bw512_1.smt2	unsat	5.80	TO	60.19	NEEDS_ALGEBRA
/home/ubuntu/cbmc-github.git/bench-multiplication/smt-comp-sample/20230321-UltimateAutomizerSvcomp2023_cohencu.c_2.smt2	unsat	3.50	TO	60.01	NEEDS_ALGEBRA
/home/ubuntu/cbmc-github.git/bench-multiplication/smt-comp-sample/Sage2_bench_15251.smt2	unsat	2.52	unsat	2.53	ARTIFACT
/home/ubuntu/cbmc-github.git/bench-multiplication/smt-comp-sample/Sage2_bench_1351.smt2	sat	17.16	sat	17.09	ARTIFACT
/home/ubuntu/cbmc-github.git/bench-multiplication/smt-comp-sample/Sage2_bench_17485.smt2	unsat	1.25	unsat	1.26	ARTIFACT
/home/ubuntu/cbmc-github.git/bench-multiplication/smt-comp-sample/Sage2_bench_1621.smt2	sat	18.20	sat	18.14	ARTIFACT
/home/ubuntu/cbmc-github.git/bench-multiplication/smt-comp-sample/20190429-UltimateAutomizerSvcomp2019_s3_srvr_1_alt_true-unreach-call_true-no-overflow.BV.c.cil.c_AllErrorsAtOnce_Iteration21_TraceCheck_0.smt2	TO	60.01	TO	60.01	BOTH_TO
/home/ubuntu/cbmc-github.git/bench-multiplication/smt-comp-sample/2017-BuchwaldFried_counterexample.dump.ia32_Mul_base_disp--Add32.load32.Mul32.Mulh_u32.0005.smt2	TO	60.01	TO	60.01	BOTH_TO
/home/ubuntu/cbmc-github.git/bench-multiplication/smt-comp-sample/20200328-Favaro_mul_mba_synthesis.smt2	TO	60.01	TO	60.01	BOTH_TO
/home/ubuntu/cbmc-github.git/bench-multiplication/smt-comp-sample/bmc-bv_ex13.smt2	sat	0.01	sat	0.01	ARTIFACT
/home/ubuntu/cbmc-github.git/bench-multiplication/smt-comp-sample/bmc-bv_send-more-money.smt2	sat	0.06	sat	0.06	ARTIFACT
/home/ubuntu/cbmc-github.git/bench-multiplication/smt-comp-sample/bmc-bv_matrixsqrt.smt2	sat	0.12	sat	0.12	ARTIFACT
/home/ubuntu/cbmc-github.git/bench-multiplication/smt-comp-sample/20220315-ecrw_rw_rule_candidate_vmcai_2022_bw512_14.smt2	TO	60.15	TO	60.17	BOTH_TO
/home/ubuntu/cbmc-github.git/bench-multiplication/smt-comp-sample/20230321-UltimateAutomizerSvcomp2023_geo3.c_5.smt2	unsat	0.03	TO	60.01	NEEDS_ALGEBRA
/home/ubuntu/cbmc-github.git/bench-multiplication/smt-comp-sample/20230321-UltimateAutomizerSvcomp2023_cohencu.c_3.smt2	unsat	1.85	TO	60.01	NEEDS_ALGEBRA
/home/ubuntu/cbmc-github.git/bench-multiplication/smt-comp-sample/brummayerbiere2_umulov2bw0512.smt2	unsat	11.72	unsat	11.80	ARTIFACT
/home/ubuntu/cbmc-github.git/bench-multiplication/smt-comp-sample/Sage2_bench_9381.smt2	TO	60.01	TO	60.01	BOTH_TO
/home/ubuntu/cbmc-github.git/bench-multiplication/smt-comp-sample/VS3_VS3-benchmark-A11.smt2	TO	60.01	TO	60.01	BOTH_TO
/home/ubuntu/cbmc-github.git/bench-multiplication/smt-comp-sample/VS3_VS3-benchmark-S1.smt2	TO	60.01	TO	60.01	BOTH_TO
/home/ubuntu/cbmc-github.git/bench-multiplication/smt-comp-sample/brummayerbiere2_smulov2bw256.smt2	TO	60.03	TO	60.03	BOTH_TO
/home/ubuntu/cbmc-github.git/bench-multiplication/smt-comp-sample/brummayerbiere2_umulov1bw064.smt2	TO	60.01	TO	60.01	BOTH_TO
/home/ubuntu/cbmc-github.git/bench-multiplication/smt-comp-sample/brummayerbiere2_smulov4bw0640.smt2	TO	60.05	TO	60.05	BOTH_TO
/home/ubuntu/cbmc-github.git/bench-multiplication/smt-comp-sample/calypto_problem_15.smt2	unsat	0.01	unsat	0.01	ARTIFACT
/home/ubuntu/cbmc-github.git/bench-multiplication/smt-comp-sample/brummayerbiere2_umulov1bw080.smt2	TO	60.02	TO	60.02	BOTH_TO
/home/ubuntu/cbmc-github.git/bench-multiplication/smt-comp-sample/calypto_problem_24.smt2	sat	0.11	sat	0.11	ARTIFACT
/home/ubuntu/cbmc-github.git/bench-multiplication/smt-comp-sample/crafted_bit-reversal.smt2	unsat	0.01	unsat	0.01	ARTIFACT
/home/ubuntu/cbmc-github.git/bench-multiplication/smt-comp-sample/crafted_bitops3.smt2	unsat	0.01	unsat	0.01	ARTIFACT
/home/ubuntu/cbmc-github.git/bench-multiplication/smt-comp-sample/crafted_bitops7.smt2	sat	0.01	sat	0.01	ARTIFACT
/home/ubuntu/cbmc-github.git/bench-multiplication/smt-comp-sample/brummayerbiere3_isqrtadd.smt2	TO	60.01	TO	60.01	BOTH_TO
/home/ubuntu/cbmc-github.git/bench-multiplication/smt-comp-sample/galois_iffyInterleavedModMult-4.smt2	unsat	0.09	unsat	0.09	ARTIFACT
/home/ubuntu/cbmc-github.git/bench-multiplication/smt-comp-sample/brummayerbiere4_unconstrained04.smt2	TO	27.32	TO	27.06	BOTH_TO
/home/ubuntu/cbmc-github.git/bench-multiplication/smt-comp-sample/brummayerbiere4_unconstrained05.smt2	TO	27.79	TO	28.89	BOTH_TO
/home/ubuntu/cbmc-github.git/bench-multiplication/smt-comp-sample/brummayerbiere4_unconstrained08.smt2	TO	26.45	TO	26.51	BOTH_TO
/home/ubuntu/cbmc-github.git/bench-multiplication/smt-comp-sample/brummayerbiere4_unconstrained10.smt2	TO	27.35	TO	26.75	BOTH_TO
/home/ubuntu/cbmc-github.git/bench-multiplication/smt-comp-sample/brummayerbiere4_unconstrained06.smt2	TO	28.68	TO	26.76	BOTH_TO
/home/ubuntu/cbmc-github.git/bench-multiplication/smt-comp-sample/log-slicing_bvsdiv_16.smt2	TO	8.69	TO	60.01	BOTH_TO
/home/ubuntu/cbmc-github.git/bench-multiplication/smt-comp-sample/sage_app1_bench_292.smt2	unsat	3.86	unsat	3.95	ARTIFACT
/home/ubuntu/cbmc-github.git/bench-multiplication/smt-comp-sample/sage_app7_bench_5744.smt2	unsat	0.69	unsat	0.71	ARTIFACT
/home/ubuntu/cbmc-github.git/bench-multiplication/smt-comp-sample/log-slicing_bvsrem_17.smt2	TO	12.56	TO	60.01	BOTH_TO
/home/ubuntu/cbmc-github.git/bench-multiplication/smt-comp-sample/spear_zebra_v0.95a_bgpd_bgpd_vc75772.smt2	sat	0.19	sat	0.19	ARTIFACT
/home/ubuntu/cbmc-github.git/bench-multiplication/smt-comp-sample/spear_wget_v1.10.2_src_wget_vc18190.smt2	sat	1.81	sat	1.81	ARTIFACT
/home/ubuntu/cbmc-github.git/bench-multiplication/smt-comp-sample/tacas07_s-40-50-bv.smt2	sat	0.99	sat	1.00	ARTIFACT
/home/ubuntu/cbmc-github.git/bench-multiplication/smt-comp-sample/calypto_problem_16.smt2	TO	60.01	TO	60.01	BOTH_TO
/home/ubuntu/cbmc-github.git/bench-multiplication/smt-comp-sample/galois_iffyInterleavedModMult-32.smt2	TO	60.01	TO	60.01	BOTH_TO
/home/ubuntu/cbmc-github.git/bench-multiplication/smt-comp-sample/galois_iffyInterleavedModMult-8.smt2	TO	60.01	TO	60.01	BOTH_TO
/home/ubuntu/cbmc-github.git/bench-multiplication/smt-comp-sample/wienand-cav2008_Booth_mult_ub_8x8_1.sf.smt2	unsat	23.31	unsat	23.18	ARTIFACT
/home/ubuntu/cbmc-github.git/bench-multiplication/smt-comp-sample/log-slicing_bvudiv_15.smt2	TO	60.17	TO	60.01	BOTH_TO
/home/ubuntu/cbmc-github.git/bench-multiplication/smt-comp-sample/log-slicing_bvudiv_17.smt2	TO	60.21	TO	60.01	BOTH_TO
/home/ubuntu/cbmc-github.git/bench-multiplication/smt-comp-sample/log-slicing_bvudiv_23.smt2	TO	60.24	TO	60.01	BOTH_TO
/home/ubuntu/cbmc-github.git/bench-multiplication/smt-comp-sample/wienand-cav2008_Commute_commute08.sf.smt2	unsat	0.01	TO	60.01	NEEDS_ALGEBRA
/home/ubuntu/cbmc-github.git/bench-multiplication/smt-comp-sample/wienand-cav2008_Commute_commute16.sf.smt2	unsat	0.01	TO	60.01	NEEDS_ALGEBRA
/home/ubuntu/cbmc-github.git/bench-multiplication/smt-comp-sample/wienand-cav2008_Commute_commute32.sf.smt2	unsat	0.01	TO	60.03	NEEDS_ALGEBRA
/home/ubuntu/cbmc-github.git/bench-multiplication/smt-comp-sample/wienand-cav2008_Distrib_distrib08.sf.smt2	unsat	0.01	TO	60.01	NEEDS_ALGEBRA
