benchmark	tool	time	result
comm_8	cbmc	.005	unsat
comm_8	cvc5	.006	unsat
comm_10	cbmc	.005	unsat
comm_10	cvc5	.006	unsat
comm_11	cbmc	.005	unsat
comm_11	cvc5	.006	unsat
comm_12	cbmc	.005	unsat
comm_12	cvc5	.005	unsat
comm_13	cbmc	.004	unsat
comm_13	cvc5	.005	unsat
comm_14	cbmc	.004	unsat
comm_14	cvc5	.005	unsat
comm_15	cbmc	.004	unsat
comm_15	cvc5	.005	unsat
comm_16	cbmc	.004	unsat
comm_16	cvc5	.006	unsat
comm_18	cbmc	.004	unsat
comm_18	cvc5	.005	unsat
comm_20	cbmc	.004	unsat
comm_20	cvc5	.005	unsat
comm_24	cbmc	.004	unsat
comm_24	cvc5	.005	unsat
comm_32	cbmc	.004	unsat
comm_32	cvc5	.005	unsat
assoc_8	cbmc	.004	unsat
assoc_8	cvc5	.005	unsat
distrib_8	cbmc	.004	unsat
distrib_8	cvc5	.005	unsat
overflow_detect_16	cbmc	.007	unsat
overflow_detect_16	cvc5	.014	unsat
add_overflow_16	cbmc	.005	unsat
add_overflow_16	cvc5	.006	unsat
checked_mul_16	cbmc	.007	unsat
checked_mul_16	cvc5	.014	unsat
add_chain_16	cbmc	.004	unsat
add_chain_16	cvc5	.005	unsat
add_chain_32	cbmc	.004	unsat
add_chain_32	cvc5	.005	unsat
add_sub_cancel_16	cbmc	.004	unsat
add_sub_cancel_16	cvc5	.005	unsat
equiv_unsat_8add_16	cbmc	.006	unsat
equiv_unsat_8add_16	cvc5	.005	unsat
bf16_mul_comm	cbmc	.006	sat
bf16_mul_comm	cvc5	.017	T/O
bf16_mul_comm_v2	cbmc	11.209	unsat
bf16_mul_comm_v2	cvc5	.017	T/O
bf16_mul_const	cbmc	.028	unsat
bf16_mul_const	cvc5	.017	T/O
bf16_mul_mono	cbmc	29.452	unsat
bf16_mul_mono	cvc5	.017	T/O
strength_chain_16	cbmc	1.488	unsat
strength_chain_16	cvc5	.008	unsat
strength_16_15	cbmc	.005	unsat
strength_16_15	cvc5	.007	unsat
strength_16_31	cbmc	.005	unsat
strength_16_31	cvc5	.007	unsat
mul_ineq_12	cbmc	.511	unsat
mul_ineq_12	cvc5	1.842	unsat
div_mul_roundtrip_12	cbmc	4.061	unsat
div_mul_roundtrip_12	cvc5	6.187	unsat
gf256_mul_assoc	cbmc	.054	sat
gf256_mul_assoc	cvc5	.053	sat
crypto_square_mod	cbmc	.019	sat
crypto_square_mod	cvc5	.088	sat
barrett_red_8	cbmc	.011	unsat
barrett_red_8	cvc5	.009	unsat
fixedpoint_mul_16	cbmc	.024	sat
fixedpoint_mul_16	cvc5	.013	sat
dsp_image_reject	cbmc	.015	unsat
dsp_image_reject	cvc5	.011	unsat
dsp_horner_16	cbmc	.010	unsat
dsp_horner_16	cvc5	1.837	unsat
dsp_vanishing_poly_8	cbmc	.008	unsat
dsp_vanishing_poly_8	cvc5	.048	unsat
dsp_vanishing_mv	cbmc	.005	unsat
dsp_vanishing_mv	cvc5	.006	unsat
dsp_coeff_scale_8	cbmc	.005	unsat
dsp_coeff_scale_8	cvc5	.006	unsat
SUITE_SWEEP_DONE
