repo,proof,backend,result,exit_code,wall_time_s,max_rss_kb
mldsa-native,H,smt,SUCCESS,0,1.86,78900
mldsa-native,H,sat_cadical,SUCCESS,0,1.06,195900
mldsa-native,H,sat_minisat,SUCCESS,0,0.91,90060
mldsa-native,attempt_signature_generation,smt,UNKNOWN,6,5.16,198652
mldsa-native,attempt_signature_generation,sat_cadical,TIMEOUT,124,300.74,20134436
mldsa-native,attempt_signature_generation,sat_minisat,TIMEOUT,124,300.44,7163892
mldsa-native,attempt_signature_generation,smt_afs,UNKNOWN,6,4.38,200812
mldsa-native,attempt_signature_generation,sat_cadical_afs,TIMEOUT,124,300.77,20072684
mldsa-native,caddq,smt,SUCCESS,0,0.24,42756
mldsa-native,caddq,sat_cadical,SUCCESS,0,0.27,56588
mldsa-native,caddq,sat_minisat,SUCCESS,0,0.18,36800
mldsa-native,check_pct,smt,SUCCESS,0,1.63,152688
mldsa-native,check_pct,sat_cadical,SUCCESS,0,1.76,344396
mldsa-native,check_pct,sat_minisat,SUCCESS,0,1.63,135812
mldsa-native,compute_pack_z,smt,INVARIANT_VIOLATION,6,1.09,62964
mldsa-native,compute_pack_z,sat_cadical,SUCCESS,0,135.35,2484460
mldsa-native,compute_pack_z,sat_minisat,SUCCESS,0,78.08,946704
mldsa-native,compute_pack_z,smt_afs,INVARIANT_VIOLATION,6,1.15,62860
mldsa-native,compute_pack_z,sat_cadical_afs,SUCCESS,0,135.69,2485208
mldsa-native,compute_t0_t1_tr_from_sk_components,smt,UNKNOWN,6,3.4,144628
mldsa-native,compute_t0_t1_tr_from_sk_components,sat_cadical,TIMEOUT,124,300.42,12010172
mldsa-native,compute_t0_t1_tr_from_sk_components,sat_minisat,TIMEOUT,124,300.26,4394408
mldsa-native,compute_t0_t1_tr_from_sk_components,smt_afs,UNKNOWN,6,2.34,146212
mldsa-native,compute_t0_t1_tr_from_sk_components,sat_cadical_afs,TIMEOUT,124,300.45,11942228
mldsa-native,ct_abs_i32,smt,SUCCESS,0,0.22,34436
mldsa-native,ct_abs_i32,sat_cadical,SUCCESS,0,0.26,71772
mldsa-native,ct_abs_i32,sat_minisat,SUCCESS,0,0.19,37000
mldsa-native,ct_cmask_neg_i32,smt,SUCCESS,0,0.16,33668
mldsa-native,ct_cmask_neg_i32,sat_cadical,SUCCESS,0,0.14,48244
mldsa-native,ct_cmask_neg_i32,sat_minisat,SUCCESS,0,0.12,28936
mldsa-native,ct_cmask_nonzero_u32,smt,SUCCESS,0,0.16,33640
mldsa-native,ct_cmask_nonzero_u32,sat_cadical,SUCCESS,0,0.14,48572
mldsa-native,ct_cmask_nonzero_u32,sat_minisat,SUCCESS,0,0.12,29784
mldsa-native,ct_cmask_nonzero_u8,smt,SUCCESS,0,0.11,32472
mldsa-native,ct_cmask_nonzero_u8,sat_cadical,SUCCESS,0,0.09,35020
mldsa-native,ct_cmask_nonzero_u8,sat_minisat,SUCCESS,0,0.08,25164
mldsa-native,ct_get_optblocker_i64,smt,SUCCESS,0,0.09,22040
mldsa-native,ct_get_optblocker_i64,sat_cadical,SUCCESS,0,0.09,22668
mldsa-native,ct_get_optblocker_i64,sat_minisat,SUCCESS,0,0.08,22348
mldsa-native,ct_get_optblocker_u32,smt,SUCCESS,0,0.09,22280
mldsa-native,ct_get_optblocker_u32,sat_cadical,SUCCESS,0,0.09,22340
mldsa-native,ct_get_optblocker_u32,sat_minisat,SUCCESS,0,0.08,22068
mldsa-native,ct_get_optblocker_u8,smt,SKIPPED,N/A,N/A,N/A
mldsa-native,ct_get_optblocker_u8,sat_cadical,SUCCESS,0,0.09,22372
mldsa-native,ct_get_optblocker_u8,sat_minisat,SUCCESS,0,0.08,22320
mldsa-native,ct_memcmp,smt,SUCCESS,0,287.61,231248
mldsa-native,ct_memcmp,sat_cadical,SUCCESS,0,0.79,85976
mldsa-native,ct_memcmp,sat_minisat,SUCCESS,0,0.91,48408
mldsa-native,ct_sel_int32,smt,SUCCESS,0,0.17,41668
mldsa-native,ct_sel_int32,sat_cadical,SUCCESS,0,0.16,49720
mldsa-native,ct_sel_int32,sat_minisat,SUCCESS,0,0.17,30400
mldsa-native,decompose,smt,SUCCESS,0,1.05,46892
mldsa-native,decompose,sat_cadical,SUCCESS,0,0.59,68448
mldsa-native,decompose,sat_minisat,SUCCESS,0,0.3,41572
mldsa-native,fqmul,smt,SKIPPED,N/A,N/A,N/A
mldsa-native,fqmul,sat_cadical,SUCCESS,0,0.59,102580
mldsa-native,fqmul,sat_minisat,SUCCESS,0,0.32,47876
mldsa-native,fqscale,smt,SKIPPED,N/A,N/A,N/A
mldsa-native,fqscale,sat_cadical,SUCCESS,0,0.2,55552
mldsa-native,fqscale,sat_minisat,SUCCESS,0,0.15,33384
mldsa-native,intt_native_x86_64,smt,SUCCESS,0,0.61,82192
mldsa-native,intt_native_x86_64,sat_cadical,SUCCESS,0,15.95,546828
mldsa-native,intt_native_x86_64,sat_minisat,SUCCESS,0,6.6,195156
mldsa-native,invntt_layer,smt,SUCCESS,0,46.89,221340
mldsa-native,invntt_layer,sat_cadical,OOM,6,273.86,29718040
mldsa-native,invntt_layer,sat_minisat,TIMEOUT,124,300.53,8742404
mldsa-native,keccak_absorb,smt,SUCCESS,0,15.27,97664
mldsa-native,keccak_absorb,sat_cadical,SUCCESS,0,3.08,153968
mldsa-native,keccak_absorb,sat_minisat,SUCCESS,0,2.68,82772
mldsa-native,keccak_absorb_once_x4,smt,SKIPPED,N/A,N/A,N/A
mldsa-native,keccak_absorb_once_x4,sat_cadical,SUCCESS,0,13.22,268648
mldsa-native,keccak_absorb_once_x4,sat_minisat,SUCCESS,0,9.16,172988
mldsa-native,keccak_finalize,smt,SUCCESS,0,0.27,42824
mldsa-native,keccak_finalize,sat_cadical,SUCCESS,0,0.26,59268
mldsa-native,keccak_finalize,sat_minisat,SUCCESS,0,0.23,37296
mldsa-native,keccak_init,smt,SUCCESS,0,0.12,32424
mldsa-native,keccak_init,sat_cadical,SUCCESS,0,0.09,28416
mldsa-native,keccak_init,sat_minisat,SUCCESS,0,0.08,25796
mldsa-native,keccak_squeeze,smt,SKIPPED,N/A,N/A,N/A
mldsa-native,keccak_squeeze,sat_cadical,SUCCESS,0,1.77,149380
mldsa-native,keccak_squeeze,sat_minisat,SUCCESS,0,2.01,74956
mldsa-native,keccak_squeezeblocks_x4,smt,SKIPPED,N/A,N/A,N/A
mldsa-native,keccak_squeezeblocks_x4,sat_cadical,OOM,6,119.48,29008088
mldsa-native,keccak_squeezeblocks_x4,sat_minisat,OOM,6,168.65,27603900
mldsa-native,keccak_squeezeblocks_x4,smt_afs,INVARIANT_VIOLATION,6,42.49,249800
mldsa-native,keccak_squeezeblocks_x4,sat_cadical_afs,OOM,6,126.45,29904952
mldsa-native,keccakf1600_extract_bytes,smt,SUCCESS,0,0.28,44156
mldsa-native,keccakf1600_extract_bytes,sat_cadical,SUCCESS,0,0.3,56700
mldsa-native,keccakf1600_extract_bytes,sat_minisat,SUCCESS,0,0.27,35280
mldsa-native,keccakf1600_extract_bytes_BE,smt,SUCCESS,0,0.26,43480
mldsa-native,keccakf1600_extract_bytes_BE,sat_cadical,SUCCESS,0,0.28,53860
mldsa-native,keccakf1600_extract_bytes_BE,sat_minisat,SUCCESS,0,0.25,33952
mldsa-native,keccakf1600_permute,smt,SUCCESS,0,6.25,85224
mldsa-native,keccakf1600_permute,sat_cadical,SUCCESS,0,6.05,212968
mldsa-native,keccakf1600_permute,sat_minisat,SUCCESS,0,6.38,109104
mldsa-native,keccakf1600_permute_native,smt,SUCCESS,0,6.53,94364
mldsa-native,keccakf1600_permute_native,sat_cadical,SUCCESS,0,6.25,232024
mldsa-native,keccakf1600_permute_native,sat_minisat,SUCCESS,0,6.05,123964
mldsa-native,keccakf1600_xor_bytes,smt,SKIPPED,N/A,N/A,N/A
mldsa-native,keccakf1600_xor_bytes,sat_cadical,SUCCESS,0,0.46,68796
mldsa-native,keccakf1600_xor_bytes,sat_minisat,SUCCESS,0,0.44,42108
mldsa-native,keccakf1600_xor_bytes_BE,smt,SKIPPED,N/A,N/A,N/A
mldsa-native,keccakf1600_xor_bytes_BE,sat_cadical,SUCCESS,0,0.37,66948
mldsa-native,keccakf1600_xor_bytes_BE,sat_minisat,SUCCESS,0,0.29,39304
mldsa-native,keccakf1600x4_extract_bytes,smt,SKIPPED,N/A,N/A,N/A
mldsa-native,keccakf1600x4_extract_bytes,sat_cadical,SUCCESS,0,0.52,117512
mldsa-native,keccakf1600x4_extract_bytes,sat_minisat,SUCCESS,0,0.4,52776
mldsa-native,keccakf1600x4_permute,smt,SUCCESS,0,0.24,30044
mldsa-native,keccakf1600x4_permute,sat_cadical,SUCCESS,0,0.24,30424
mldsa-native,keccakf1600x4_permute,sat_minisat,SUCCESS,0,0.24,30088
mldsa-native,keccakf1600x4_permute,smt_afs,SUCCESS,0,0.32,30108
mldsa-native,keccakf1600x4_permute,sat_cadical_afs,SUCCESS,0,0.24,30400
mldsa-native,keccakf1600x4_permute_native,smt,SUCCESS,0,11.92,164148
mldsa-native,keccakf1600x4_permute_native,sat_cadical,SUCCESS,0,11.94,360528
mldsa-native,keccakf1600x4_permute_native,sat_minisat,SUCCESS,0,12.8,267996
mldsa-native,keccakf1600x4_permute_native,smt_afs,SUCCESS,0,22.56,168084
mldsa-native,keccakf1600x4_permute_native,sat_cadical_afs,SUCCESS,0,22.73,364176
mldsa-native,keccakf1600x4_xor_bytes,smt,SKIPPED,N/A,N/A,N/A
mldsa-native,keccakf1600x4_xor_bytes,sat_cadical,SUCCESS,0,0.77,125620
mldsa-native,keccakf1600x4_xor_bytes,sat_minisat,SUCCESS,0,0.42,56884
mldsa-native,make_hint,smt,SUCCESS,0,0.1,32440
mldsa-native,make_hint,sat_cadical,SUCCESS,0,0.07,25824
mldsa-native,make_hint,sat_minisat,SUCCESS,0,0.06,23468
mldsa-native,montgomery_reduce,smt,SUCCESS,0,0.6,76320
mldsa-native,montgomery_reduce,sat_cadical,SUCCESS,0,0.21,40732
mldsa-native,montgomery_reduce,sat_minisat,SUCCESS,0,0.14,28072
mldsa-native,ntt_butterfly_block,smt,SKIPPED,N/A,N/A,N/A
mldsa-native,ntt_butterfly_block,sat_cadical,TIMEOUT,124,300.53,14062636
mldsa-native,ntt_butterfly_block,sat_minisat,TIMEOUT,124,300.22,3828384
mldsa-native,ntt_layer,smt,SKIPPED,N/A,N/A,N/A
mldsa-native,ntt_layer,sat_cadical,TIMEOUT,124,300.7,18291096
mldsa-native,ntt_layer,sat_minisat,SUCCESS,0,209.22,5101568
mldsa-native,ntt_native_x86_64,smt,SUCCESS,0,0.61,82300
mldsa-native,ntt_native_x86_64,sat_cadical,SUCCESS,0,15.79,537832
mldsa-native,ntt_native_x86_64,sat_minisat,SUCCESS,0,5.91,195676
mldsa-native,pack_pk,smt,SUCCESS,0,0.34,36920
mldsa-native,pack_pk,sat_cadical,SUCCESS,0,10.89,695152
mldsa-native,pack_pk,sat_minisat,SUCCESS,0,5.07,257356
mldsa-native,pack_pk,smt_afs,SUCCESS,0,0.55,42564
mldsa-native,pack_pk,sat_cadical_afs,SUCCESS,0,10.87,695936
mldsa-native,pack_sig_c_h,smt,SUCCESS,0,0.68,50052
mldsa-native,pack_sig_c_h,sat_cadical,SUCCESS,0,5.68,565448
mldsa-native,pack_sig_c_h,sat_minisat,SUCCESS,0,4.81,221328
mldsa-native,pack_sig_z,smt,SUCCESS,0,0.3,45796
mldsa-native,pack_sig_z,sat_cadical,SUCCESS,0,2.16,109736
mldsa-native,pack_sig_z,sat_minisat,SUCCESS,0,1.31,57620
mldsa-native,pack_sk,smt,SUCCESS,0,0.89,66072
mldsa-native,pack_sk,sat_cadical,SUCCESS,0,158.72,2588040
mldsa-native,pack_sk,sat_minisat,SUCCESS,0,92.16,1030388
mldsa-native,poly_add,smt,SUCCESS,0,1.89,60800
mldsa-native,poly_add,sat_cadical,TIMEOUT,124,300.53,14575528
mldsa-native,poly_add,sat_minisat,TIMEOUT,124,300.27,3931232
mldsa-native,poly_caddq,smt,SUCCESS,0,0.3,48568
mldsa-native,poly_caddq,sat_cadical,SUCCESS,0,6.52,228652
mldsa-native,poly_caddq,sat_minisat,SUCCESS,0,2.55,93412
mldsa-native,poly_caddq_c,smt,SUCCESS,0,0.65,50032
mldsa-native,poly_caddq_c,sat_cadical,SUCCESS,0,138.47,5108996
mldsa-native,poly_caddq_c,sat_minisat,SUCCESS,0,21.32,1462436
mldsa-native,poly_caddq_native,smt,SUCCESS,0,0.56,70560
mldsa-native,poly_caddq_native,sat_cadical,SUCCESS,0,18.12,693828
mldsa-native,poly_caddq_native,sat_minisat,SUCCESS,0,10.9,240408
mldsa-native,poly_caddq_native_aarch64,smt,SUCCESS,0,0.39,65616
mldsa-native,poly_caddq_native_aarch64,sat_cadical,SUCCESS,0,10.18,369876
mldsa-native,poly_caddq_native_aarch64,sat_minisat,SUCCESS,0,3.07,144460
mldsa-native,poly_challenge,smt,SUCCESS,0,2.55,81404
mldsa-native,poly_challenge,sat_cadical,SUCCESS,0,10.91,360932
mldsa-native,poly_challenge,sat_minisat,SUCCESS,0,16.45,285068
mldsa-native,poly_chknorm,smt,SUCCESS,0,0.25,42688
mldsa-native,poly_chknorm,sat_cadical,SUCCESS,0,125.09,241420
mldsa-native,poly_chknorm,sat_minisat,TIMEOUT,124,300.02,234300
mldsa-native,poly_chknorm_c,smt,SUCCESS,0,27.62,137348
mldsa-native,poly_chknorm_c,sat_cadical,TIMEOUT,124,300.21,5253180
mldsa-native,poly_chknorm_c,sat_minisat,TIMEOUT,124,300.1,1407908
mldsa-native,poly_chknorm_native,smt,SUCCESS,0,0.41,46700
mldsa-native,poly_chknorm_native,sat_cadical,TIMEOUT,124,300.03,495316
mldsa-native,poly_chknorm_native,sat_minisat,TIMEOUT,124,300.02,244444
mldsa-native,poly_decompose,smt,SUCCESS,0,0.39,55256
mldsa-native,poly_decompose,sat_cadical,SUCCESS,0,10.21,386680
mldsa-native,poly_decompose,sat_minisat,SUCCESS,0,2.43,125008
mldsa-native,poly_decompose_c,smt,SUCCESS,0,2.51,91124
mldsa-native,poly_decompose_c,sat_cadical,SUCCESS,0,183.9,5644468
mldsa-native,poly_decompose_c,sat_minisat,SUCCESS,0,23.25,1619060
mldsa-native,poly_decompose_native,smt,SUCCESS,0,0.76,79704
mldsa-native,poly_decompose_native,sat_cadical,SUCCESS,0,30.95,1012564
mldsa-native,poly_decompose_native,sat_minisat,SUCCESS,0,12.17,334844
mldsa-native,poly_invntt_tomont,smt,SUCCESS,0,0.37,62932
mldsa-native,poly_invntt_tomont,sat_cadical,SUCCESS,0,5.45,226388
mldsa-native,poly_invntt_tomont,sat_minisat,SUCCESS,0,3.5,95980
mldsa-native,poly_invntt_tomont_c,smt,SUCCESS,0,13.48,139044
mldsa-native,poly_invntt_tomont_c,sat_cadical,SUCCESS,0,210.8,7124684
mldsa-native,poly_invntt_tomont_c,sat_minisat,SUCCESS,0,117.8,1998376
mldsa-native,poly_invntt_tomont_native,smt,SUCCESS,0,0.63,72556
mldsa-native,poly_invntt_tomont_native,sat_cadical,SUCCESS,0,17.64,674160
mldsa-native,poly_invntt_tomont_native,sat_minisat,SUCCESS,0,10.81,265864
mldsa-native,poly_make_hint,smt,SUCCESS,0,0.73,47904
mldsa-native,poly_make_hint,sat_cadical,SUCCESS,0,12.32,504988
mldsa-native,poly_make_hint,sat_minisat,SUCCESS,0,2.07,186416
mldsa-native,poly_ntt,smt,SUCCESS,0,0.32,48712
mldsa-native,poly_ntt,sat_cadical,SUCCESS,0,5.96,216000
mldsa-native,poly_ntt,sat_minisat,SUCCESS,0,3.25,94556
mldsa-native,poly_ntt_c,smt,SUCCESS,0,1.14,89656
mldsa-native,poly_ntt_c,sat_cadical,SUCCESS,0,42.35,1148784
mldsa-native,poly_ntt_c,sat_minisat,SUCCESS,0,95.25,422760
mldsa-native,poly_ntt_native,smt,SUCCESS,0,0.57,70552
mldsa-native,poly_ntt_native,sat_cadical,SUCCESS,0,22.53,700016
mldsa-native,poly_ntt_native,sat_minisat,SUCCESS,0,16.31,291068
mldsa-native,poly_pointwise_montgomery,smt,SUCCESS,0,0.28,44252
mldsa-native,poly_pointwise_montgomery,sat_cadical,SUCCESS,0,10.31,389580
mldsa-native,poly_pointwise_montgomery,sat_minisat,SUCCESS,0,6.09,132028
mldsa-native,poly_pointwise_montgomery_c,smt,TIMEOUT,124,300,31748
mldsa-native,poly_pointwise_montgomery_c,sat_cadical,SUCCESS,0,37.32,911208
mldsa-native,poly_pointwise_montgomery_c,sat_minisat,SUCCESS,0,8.32,318096
mldsa-native,poly_pointwise_montgomery_native,smt,SUCCESS,0,0.62,55704
mldsa-native,poly_pointwise_montgomery_native,sat_cadical,SUCCESS,0,27.95,1023468
mldsa-native,poly_pointwise_montgomery_native,sat_minisat,SUCCESS,0,16.6,363540
mldsa-native,poly_power2round,smt,SUCCESS,0,19.85,97712
mldsa-native,poly_power2round,sat_cadical,SUCCESS,0,42.55,1157532
mldsa-native,poly_power2round,sat_minisat,SUCCESS,0,5.84,400476
mldsa-native,poly_reduce,smt,SUCCESS,0,0.67,50168
mldsa-native,poly_reduce,sat_cadical,SUCCESS,0,158.1,5109040
mldsa-native,poly_reduce,sat_minisat,SUCCESS,0,21.44,1460260
mldsa-native,poly_shiftl,smt,SUCCESS,0,0.37,45280
mldsa-native,poly_shiftl,sat_cadical,SUCCESS,0,152.5,5259076
mldsa-native,poly_shiftl,sat_minisat,SUCCESS,0,18.3,1442592
mldsa-native,poly_sub,smt,SUCCESS,0,0.5,46308
mldsa-native,poly_sub,sat_cadical,SUCCESS,0,151.63,5465040
mldsa-native,poly_sub,sat_minisat,SUCCESS,0,19.94,1494004
mldsa-native,poly_uniform,smt,SUCCESS,0,1.56,98392
mldsa-native,poly_uniform,sat_cadical,SUCCESS,0,91.84,2623148
mldsa-native,poly_uniform,sat_minisat,SUCCESS,0,13.51,866120
mldsa-native,poly_uniform_4x,smt,SUCCESS,0,14.41,479344
mldsa-native,poly_uniform_4x,sat_cadical,TIMEOUT,124,300.48,9917280
mldsa-native,poly_uniform_4x,sat_minisat,SUCCESS,0,68.63,3543808
mldsa-native,poly_uniform_eta,smt,SUCCESS,0,4.19,199456
mldsa-native,poly_uniform_eta,sat_cadical,SUCCESS,0,90.85,2766324
mldsa-native,poly_uniform_eta,sat_minisat,SUCCESS,0,15.94,941160
mldsa-native,poly_uniform_eta_4x,smt,SUCCESS,0,16.66,490180
mldsa-native,poly_uniform_eta_4x,sat_cadical,TIMEOUT,124,300.42,9880128
mldsa-native,poly_uniform_eta_4x,sat_minisat,SUCCESS,0,76.21,3447168
mldsa-native,poly_uniform_gamma1,smt,SUCCESS,0,1.77,103756
mldsa-native,poly_uniform_gamma1,sat_cadical,SUCCESS,0,6.73,359428
mldsa-native,poly_uniform_gamma1,sat_minisat,SUCCESS,0,3.93,166972
mldsa-native,poly_uniform_gamma1_4x,smt,SUCCESS,0,1.48,82032
mldsa-native,poly_uniform_gamma1_4x,sat_cadical,SUCCESS,0,25.2,701296
mldsa-native,poly_uniform_gamma1_4x,sat_minisat,SUCCESS,0,14.94,290312
mldsa-native,poly_use_hint,smt,SUCCESS,0,0.35,49632
mldsa-native,poly_use_hint,sat_cadical,SUCCESS,0,10.03,324892
mldsa-native,poly_use_hint,sat_minisat,SUCCESS,0,1.37,124380
mldsa-native,poly_use_hint_c,smt,SUCCESS,0,0.92,50272
mldsa-native,poly_use_hint_c,sat_cadical,SUCCESS,0,28.72,793568
mldsa-native,poly_use_hint_c,sat_minisat,SUCCESS,0,3.76,274904
mldsa-native,poly_use_hint_native,smt,SUCCESS,0,0.64,72348
mldsa-native,poly_use_hint_native,sat_cadical,SUCCESS,0,28.78,910704
mldsa-native,poly_use_hint_native,sat_minisat,SUCCESS,0,4.65,299524
mldsa-native,polyeta_pack,smt,SUCCESS,0,0.27,44444
mldsa-native,polyeta_pack,sat_cadical,SUCCESS,0,4.78,194176
mldsa-native,polyeta_pack,sat_minisat,SUCCESS,0,2.04,94876
mldsa-native,polyeta_unpack,smt,SUCCESS,0,8.88,70232
mldsa-native,polyeta_unpack,sat_cadical,SUCCESS,0,14.53,571572
mldsa-native,polyeta_unpack,sat_minisat,SUCCESS,0,2.27,194168
mldsa-native,polymat_permute_bitrev_to_custom,smt,SUCCESS,0,14.98,970664
mldsa-native,polymat_permute_bitrev_to_custom,sat_cadical,TIMEOUT,124,300.38,6225984
mldsa-native,polymat_permute_bitrev_to_custom,sat_minisat,TIMEOUT,124,300.35,4516068
mldsa-native,polymat_permute_bitrev_to_custom,smt_afs,SUCCESS,0,15.76,1091296
mldsa-native,polymat_permute_bitrev_to_custom,sat_cadical_afs,TIMEOUT,124,300.36,6234088
mldsa-native,polyt0_pack,smt,SUCCESS,0,1.82,73880
mldsa-native,polyt0_pack,sat_cadical,SUCCESS,0,13.42,633592
mldsa-native,polyt0_pack,sat_minisat,SUCCESS,0,4.87,222696
mldsa-native,polyt0_unpack,smt,SUCCESS,0,12.42,102860
mldsa-native,polyt0_unpack,sat_cadical,SUCCESS,0,47.28,1431640
mldsa-native,polyt0_unpack,sat_minisat,SUCCESS,0,6.91,443640
mldsa-native,polyt1_pack,smt,SUCCESS,0,0.48,48112
mldsa-native,polyt1_pack,sat_cadical,SUCCESS,0,2.72,278892
mldsa-native,polyt1_pack,sat_minisat,SUCCESS,0,1.17,106972
mldsa-native,polyt1_unpack,smt,SUCCESS,0,4.8,71408
mldsa-native,polyt1_unpack,sat_cadical,SUCCESS,0,10.1,589528
mldsa-native,polyt1_unpack,sat_minisat,SUCCESS,0,2.54,210880
mldsa-native,polyvec_matrix_expand,smt,INVARIANT_VIOLATION,6,6.33,171492
mldsa-native,polyvec_matrix_expand,sat_cadical,OOM,6,115.34,29962768
mldsa-native,polyvec_matrix_expand,sat_minisat,TIMEOUT,124,300.89,13605068
mldsa-native,polyvec_matrix_expand_serial,smt,SUCCESS,0,66.84,1056040
mldsa-native,polyvec_matrix_expand_serial,sat_cadical,INVARIANT_VIOLATION,134,2.26,150076
mldsa-native,polyvec_matrix_expand_serial,sat_minisat,INVARIANT_VIOLATION,134,2.22,101860
mldsa-native,polyvec_matrix_pointwise_montgomery,smt,SUCCESS,0,5.51,311112
mldsa-native,polyvec_matrix_pointwise_montgomery,sat_cadical,INVARIANT_VIOLATION,134,1.43,31980
mldsa-native,polyvec_matrix_pointwise_montgomery,sat_minisat,INVARIANT_VIOLATION,134,1.43,31296
mldsa-native,polyveck_add,smt,SUCCESS,0,30.35,208068
mldsa-native,polyveck_add,sat_cadical,INVARIANT_VIOLATION,134,1.42,31964
mldsa-native,polyveck_add,sat_minisat,INVARIANT_VIOLATION,134,1.43,31344
mldsa-native,polyveck_caddq,smt,SUCCESS,0,2.8,180164
mldsa-native,polyveck_caddq,sat_cadical,TIMEOUT,124,300.17,5542632
mldsa-native,polyveck_caddq,sat_minisat,SUCCESS,0,251.43,2203284
mldsa-native,polyveck_chknorm,smt,SUCCESS,0,1.52,60128
mldsa-native,polyveck_chknorm,sat_cadical,TIMEOUT,124,300.17,3995928
mldsa-native,polyveck_chknorm,sat_minisat,TIMEOUT,124,300.1,1522184
mldsa-native,polyveck_chknorm,smt_afs,SUCCESS,0,5.07,79344
mldsa-native,polyveck_chknorm,sat_cadical_afs,TIMEOUT,124,300.17,3998100
mldsa-native,polyveck_decompose,smt,SUCCESS,0,43.23,318668
mldsa-native,polyveck_decompose,sat_cadical,TIMEOUT,124,300.52,9805752
mldsa-native,polyveck_decompose,sat_minisat,TIMEOUT,124,300.2,3281360
mldsa-native,polyveck_invntt_tomont,smt,SUCCESS,0,3.67,192652
mldsa-native,polyveck_invntt_tomont,sat_cadical,TIMEOUT,124,300.22,5552920
mldsa-native,polyveck_invntt_tomont,sat_minisat,TIMEOUT,124,300.13,1951148
mldsa-native,polyveck_make_hint,smt,SUCCESS,0,1.6,166860
mldsa-native,polyveck_make_hint,sat_cadical,SUCCESS,0,206,3446700
mldsa-native,polyveck_make_hint,sat_minisat,SUCCESS,0,37.86,1240504
mldsa-native,polyveck_ntt,smt,SUCCESS,0,4.28,200368
mldsa-native,polyveck_ntt,sat_cadical,TIMEOUT,124,300.26,5551588
mldsa-native,polyveck_ntt,sat_minisat,TIMEOUT,124,300.15,1945172
mldsa-native,polyveck_pack_eta,smt,SUCCESS,0,0.42,38320
mldsa-native,polyveck_pack_eta,sat_cadical,SUCCESS,0,86.46,1436996
mldsa-native,polyveck_pack_eta,sat_minisat,SUCCESS,0,61.96,494108
mldsa-native,polyveck_pack_t0,smt,SUCCESS,0,0.51,52404
mldsa-native,polyveck_pack_t0,sat_cadical,SUCCESS,0,97.76,1463388
mldsa-native,polyveck_pack_t0,sat_minisat,SUCCESS,0,54.65,497028
mldsa-native,polyveck_pack_t0,smt_afs,SUCCESS,0,0.51,49424
mldsa-native,polyveck_pack_t0,sat_cadical_afs,SUCCESS,0,97.43,1464256
mldsa-native,polyveck_pack_w1,smt,SUCCESS,0,0.67,67316
mldsa-native,polyveck_pack_w1,sat_cadical,SUCCESS,0,55.87,1491988
mldsa-native,polyveck_pack_w1,sat_minisat,SUCCESS,0,12.3,500296
mldsa-native,polyveck_pack_w1,smt_afs,SUCCESS,0,0.68,70524
mldsa-native,polyveck_pack_w1,sat_cadical_afs,SUCCESS,0,56.01,1493424
mldsa-native,polyveck_pointwise_poly_montgomery,smt,SUCCESS,0,3.26,185568
mldsa-native,polyveck_pointwise_poly_montgomery,sat_cadical,TIMEOUT,124,300.24,4565628
mldsa-native,polyveck_pointwise_poly_montgomery,sat_minisat,SUCCESS,0,188.48,1726160
mldsa-native,polyveck_power2round,smt,SUCCESS,0,7.54,309560
mldsa-native,polyveck_power2round,sat_cadical,TIMEOUT,124,300.48,7776428
mldsa-native,polyveck_power2round,sat_minisat,SUCCESS,0,297.63,2879412
mldsa-native,polyveck_reduce,smt,SUCCESS,0,2.55,179976
mldsa-native,polyveck_reduce,sat_cadical,TIMEOUT,124,300.23,5551400
mldsa-native,polyveck_reduce,sat_minisat,SUCCESS,0,271.39,1944564
mldsa-native,polyveck_shiftl,smt,SUCCESS,0,2.29,178284
mldsa-native,polyveck_shiftl,sat_cadical,TIMEOUT,124,300.2,5545756
mldsa-native,polyveck_shiftl,sat_minisat,SUCCESS,0,141.99,1908180
mldsa-native,polyveck_sub,smt,SUCCESS,0,3.08,214888
mldsa-native,polyveck_sub,sat_cadical,TIMEOUT,124,300.27,6772356
mldsa-native,polyveck_sub,sat_minisat,SUCCESS,0,277.26,2378308
mldsa-native,polyveck_unpack_eta,smt,SUCCESS,0,1.68,149912
mldsa-native,polyveck_unpack_eta,sat_cadical,SUCCESS,0,114.49,1534704
mldsa-native,polyveck_unpack_eta,sat_minisat,SUCCESS,0,58.69,527372
mldsa-native,polyveck_unpack_t0,smt,SUCCESS,0,1.43,122664
mldsa-native,polyveck_unpack_t0,sat_cadical,SUCCESS,0,96.28,1539904
mldsa-native,polyveck_unpack_t0,sat_minisat,SUCCESS,0,54.97,530220
mldsa-native,polyveck_use_hint,smt,SUCCESS,0,3.28,184028
mldsa-native,polyveck_use_hint,sat_cadical,TIMEOUT,124,300.24,6479648
mldsa-native,polyveck_use_hint,sat_minisat,SUCCESS,0,87.3,2204848
mldsa-native,polyvecl_chknorm,smt,SUCCESS,0,2.44,62104
mldsa-native,polyvecl_chknorm,sat_cadical,TIMEOUT,124,300.17,3616588
mldsa-native,polyvecl_chknorm,sat_minisat,TIMEOUT,124,300.09,1374284
mldsa-native,polyvecl_chknorm,smt_afs,SUCCESS,0,3.04,63516
mldsa-native,polyvecl_chknorm,sat_cadical_afs,TIMEOUT,124,300.95,3587252
mldsa-native,polyvecl_ntt,smt,SUCCESS,0,2.79,163136
mldsa-native,polyvecl_ntt,sat_cadical,TIMEOUT,124,300.18,5001060
mldsa-native,polyvecl_ntt,sat_minisat,SUCCESS,0,269.65,1709064
mldsa-native,polyvecl_pack_eta,smt,SUCCESS,0,0.47,47736
mldsa-native,polyvecl_pack_eta,sat_cadical,SUCCESS,0,94.77,1167984
mldsa-native,polyvecl_pack_eta,sat_minisat,SUCCESS,0,53.02,459008
mldsa-native,polyvecl_permute_bitrev_to_custom,smt,SUCCESS,0,0.12,34660
mldsa-native,polyvecl_permute_bitrev_to_custom,sat_cadical,SUCCESS,0,32.5,653136
mldsa-native,polyvecl_permute_bitrev_to_custom,sat_minisat,SUCCESS,0,10.99,239468
mldsa-native,polyvecl_permute_bitrev_to_custom,smt_afs,SUCCESS,0,0.12,34868
mldsa-native,polyvecl_permute_bitrev_to_custom,sat_cadical_afs,SUCCESS,0,35.42,653268
mldsa-native,polyvecl_permute_bitrev_to_custom_native,smt,SUCCESS,0,6.88,292520
mldsa-native,polyvecl_permute_bitrev_to_custom_native,sat_cadical,SUCCESS,0,218.65,4309892
mldsa-native,polyvecl_permute_bitrev_to_custom_native,sat_minisat,SUCCESS,0,57.03,1383164
mldsa-native,polyvecl_permute_bitrev_to_custom_native,smt_afs,SUCCESS,0,3.81,240180
mldsa-native,polyvecl_permute_bitrev_to_custom_native,sat_cadical_afs,SUCCESS,0,215.41,4310516
mldsa-native,polyvecl_pointwise_acc_montgomery,smt,SUCCESS,0,0.29,43252
mldsa-native,polyvecl_pointwise_acc_montgomery,sat_cadical,SUCCESS,0,58.86,1418920
mldsa-native,polyvecl_pointwise_acc_montgomery,sat_minisat,SUCCESS,0,38.78,501236
mldsa-native,polyvecl_pointwise_acc_montgomery,smt_afs,SUCCESS,0,0.3,44116
mldsa-native,polyvecl_pointwise_acc_montgomery,sat_cadical_afs,SUCCESS,0,59.25,1420144
mldsa-native,polyvecl_pointwise_acc_montgomery_c,smt,INVARIANT_VIOLATION,6,0.37,33584
mldsa-native,polyvecl_pointwise_acc_montgomery_c,sat_cadical,TIMEOUT,124,300.18,4370328
mldsa-native,polyvecl_pointwise_acc_montgomery_c,sat_minisat,SUCCESS,0,113.54,1444624
mldsa-native,polyvecl_pointwise_acc_montgomery_c,smt_afs,INVARIANT_VIOLATION,6,0.38,33820
mldsa-native,polyvecl_pointwise_acc_montgomery_c,sat_cadical_afs,TIMEOUT,124,300.15,4372572
mldsa-native,polyvecl_pointwise_acc_montgomery_native,smt,SUCCESS,0,0.84,67444
mldsa-native,polyvecl_pointwise_acc_montgomery_native,sat_cadical,SUCCESS,0,244.59,3716592
mldsa-native,polyvecl_pointwise_acc_montgomery_native,sat_minisat,SUCCESS,0,119.31,1314232
mldsa-native,polyvecl_pointwise_acc_montgomery_native,smt_afs,SUCCESS,0,0.78,61956
mldsa-native,polyvecl_pointwise_acc_montgomery_native,sat_cadical_afs,SUCCESS,0,247.52,3719180
mldsa-native,polyvecl_uniform_gamma1,smt,SUCCESS,0,1.06,117544
mldsa-native,polyvecl_uniform_gamma1,sat_cadical,SUCCESS,0,71.19,1257580
mldsa-native,polyvecl_uniform_gamma1,sat_minisat,SUCCESS,0,37.36,448836
mldsa-native,polyvecl_uniform_gamma1_serial,smt,SUCCESS,0,1.09,106224
mldsa-native,polyvecl_uniform_gamma1_serial,sat_cadical,SUCCESS,0,73.31,1341192
mldsa-native,polyvecl_uniform_gamma1_serial,sat_minisat,SUCCESS,0,35.28,466352
mldsa-native,polyvecl_unpack_eta,smt,SUCCESS,0,1.1,117804
mldsa-native,polyvecl_unpack_eta,sat_cadical,SUCCESS,0,82,1314732
mldsa-native,polyvecl_unpack_eta,sat_minisat,SUCCESS,0,44.67,456180
mldsa-native,polyvecl_unpack_z,smt,SUCCESS,0,1.26,132888
mldsa-native,polyvecl_unpack_z,sat_cadical,SUCCESS,0,55.71,1322416
mldsa-native,polyvecl_unpack_z,sat_minisat,SUCCESS,0,37.54,460616
mldsa-native,polyw1_pack,smt,SUCCESS,0,0.25,43896
mldsa-native,polyw1_pack,sat_cadical,SUCCESS,0,1.77,184348
mldsa-native,polyw1_pack,sat_minisat,SUCCESS,0,0.73,82824
mldsa-native,polyz_pack,smt,SUCCESS,0,0.49,48460
mldsa-native,polyz_pack,sat_cadical,SUCCESS,0,7.09,291136
mldsa-native,polyz_pack,sat_minisat,SUCCESS,0,2.41,123064
mldsa-native,polyz_unpack,smt,SUCCESS,0,0.29,48780
mldsa-native,polyz_unpack,sat_cadical,SUCCESS,0,0.94,133472
mldsa-native,polyz_unpack,sat_minisat,SUCCESS,0,1.18,64296
mldsa-native,polyz_unpack_c,smt,SUCCESS,0,7.79,72692
mldsa-native,polyz_unpack_c,sat_cadical,SUCCESS,0,19.25,771312
mldsa-native,polyz_unpack_c,sat_minisat,SUCCESS,0,3.92,260536
mldsa-native,polyz_unpack_native,smt,SUCCESS,0,0.49,57232
mldsa-native,polyz_unpack_native,sat_cadical,SUCCESS,0,9.7,339580
mldsa-native,polyz_unpack_native,sat_minisat,SUCCESS,0,7.61,159868
mldsa-native,power2round,smt,SUCCESS,0,0.21,42368
mldsa-native,power2round,sat_cadical,SUCCESS,0,0.16,40796
mldsa-native,power2round,sat_minisat,SUCCESS,0,0.11,27208
mldsa-native,prepare_domain_separation_prefix,smt,SUCCESS,0,0.77,49952
mldsa-native,prepare_domain_separation_prefix,sat_cadical,SUCCESS,0,0.49,58228
mldsa-native,prepare_domain_separation_prefix,sat_minisat,SUCCESS,0,0.44,45336
mldsa-native,reduce32,smt,SUCCESS,0,0.4,44752
mldsa-native,reduce32,sat_cadical,SUCCESS,0,0.61,37540
mldsa-native,reduce32,sat_minisat,SUCCESS,0,0.55,27748
mldsa-native,rej_eta,smt,SKIPPED,N/A,N/A,N/A
mldsa-native,rej_eta,sat_cadical,SUCCESS,0,12.3,712840
mldsa-native,rej_eta,sat_minisat,SUCCESS,0,2.33,201492
mldsa-native,rej_eta_c,smt,SKIPPED,N/A,N/A,N/A
mldsa-native,rej_eta_c,sat_cadical,SUCCESS,0,40.53,2597256
mldsa-native,rej_eta_c,sat_minisat,SUCCESS,0,19.44,833344
mldsa-native,rej_eta_native,smt,SKIPPED,N/A,N/A,N/A
mldsa-native,rej_eta_native,sat_cadical,SUCCESS,0,133.23,6246572
mldsa-native,rej_eta_native,sat_minisat,SUCCESS,0,39.62,1856448
mldsa-native,rej_uniform,smt,SUCCESS,0,15.26,82232
mldsa-native,rej_uniform,sat_cadical,SUCCESS,0,11.07,712924
mldsa-native,rej_uniform,sat_minisat,SUCCESS,0,2.48,201972
mldsa-native,rej_uniform_c,smt,SUCCESS,0,14.32,72088
mldsa-native,rej_uniform_c,sat_cadical,SUCCESS,0,25.9,1569932
mldsa-native,rej_uniform_c,sat_minisat,SUCCESS,0,12.64,513032
mldsa-native,rej_uniform_native,smt,SUCCESS,0,132.04,173252
mldsa-native,rej_uniform_native,sat_cadical,SUCCESS,0,119.58,6247632
mldsa-native,rej_uniform_native,sat_minisat,SUCCESS,0,36.8,1848224
mldsa-native,sample_s1_s2,smt,SUCCESS,0,2.1,201192
mldsa-native,sample_s1_s2,sat_cadical,SUCCESS,0,77.26,1340320
mldsa-native,sample_s1_s2,sat_minisat,SUCCESS,0,59.05,497396
mldsa-native,sample_s1_s2_serial,smt,SUCCESS,0,3.5,237400
mldsa-native,sample_s1_s2_serial,sat_cadical,SUCCESS,0,83.5,1401516
mldsa-native,sample_s1_s2_serial,sat_minisat,SUCCESS,0,60.29,538444
mldsa-native,shake128_absorb,smt,SUCCESS,0,0.23,41480
mldsa-native,shake128_absorb,sat_cadical,SUCCESS,0,0.19,57632
mldsa-native,shake128_absorb,sat_minisat,SUCCESS,0,0.21,33496
mldsa-native,shake128_finalize,smt,SUCCESS,0,0.17,32280
mldsa-native,shake128_finalize,sat_cadical,SUCCESS,0,0.13,33004
mldsa-native,shake128_finalize,sat_minisat,SUCCESS,0,0.13,28928
mldsa-native,shake128_init,smt,SUCCESS,0,0.12,32228
mldsa-native,shake128_init,sat_cadical,SUCCESS,0,0.12,28708
mldsa-native,shake128_init,sat_minisat,SUCCESS,0,0.12,25752
mldsa-native,shake128_release,smt,SUCCESS,0,0.12,32460
mldsa-native,shake128_release,sat_cadical,SUCCESS,0,0.11,28464
mldsa-native,shake128_release,sat_minisat,SUCCESS,0,0.09,25472
mldsa-native,shake128_squeeze,smt,SKIPPED,N/A,N/A,N/A
mldsa-native,shake128_squeeze,sat_cadical,SUCCESS,0,0.21,59540
mldsa-native,shake128_squeeze,sat_minisat,SUCCESS,0,0.17,34112
mldsa-native,shake128x4_absorb_once,smt,SKIPPED,N/A,N/A,N/A
mldsa-native,shake128x4_absorb_once,sat_cadical,SUCCESS,0,0.28,68120
mldsa-native,shake128x4_absorb_once,sat_minisat,SUCCESS,0,0.28,39096
mldsa-native,shake128x4_squeezeblocks,smt,SKIPPED,N/A,N/A,N/A
mldsa-native,shake128x4_squeezeblocks,sat_cadical,SUCCESS,0,0.38,82124
mldsa-native,shake128x4_squeezeblocks,sat_minisat,SUCCESS,0,0.29,45052
mldsa-native,shake256,smt,SUCCESS,0,0.73,51780
mldsa-native,shake256,sat_cadical,SUCCESS,0,0.65,146652
mldsa-native,shake256,sat_minisat,SUCCESS,0,0.72,66956
mldsa-native,shake256_absorb,smt,SUCCESS,0,0.25,41112
mldsa-native,shake256_absorb,sat_cadical,SUCCESS,0,0.24,57316
mldsa-native,shake256_absorb,sat_minisat,SUCCESS,0,0.16,33540
mldsa-native,shake256_finalize,smt,SUCCESS,0,0.17,32636
mldsa-native,shake256_finalize,sat_cadical,SUCCESS,0,0.13,33024
mldsa-native,shake256_finalize,sat_minisat,SUCCESS,0,0.17,29212
mldsa-native,shake256_init,smt,SUCCESS,0,0.12,32392
mldsa-native,shake256_init,sat_cadical,SUCCESS,0,0.09,28664
mldsa-native,shake256_init,sat_minisat,SUCCESS,0,0.09,25796
mldsa-native,shake256_release,smt,SUCCESS,0,0.12,32196
mldsa-native,shake256_release,sat_cadical,SUCCESS,0,0.09,28380
mldsa-native,shake256_release,sat_minisat,SUCCESS,0,0.09,25792
mldsa-native,shake256_squeeze,smt,SKIPPED,N/A,N/A,N/A
mldsa-native,shake256_squeeze,sat_cadical,SUCCESS,0,0.21,59568
mldsa-native,shake256_squeeze,sat_minisat,SUCCESS,0,0.17,33864
mldsa-native,shake256x4_absorb_once,smt,SKIPPED,N/A,N/A,N/A
mldsa-native,shake256x4_absorb_once,sat_cadical,SUCCESS,0,0.29,68432
mldsa-native,shake256x4_absorb_once,sat_minisat,SUCCESS,0,0.28,38636
mldsa-native,shake256x4_squeezeblocks,smt,SKIPPED,N/A,N/A,N/A
mldsa-native,shake256x4_squeezeblocks,sat_cadical,SUCCESS,0,0.35,80316
mldsa-native,shake256x4_squeezeblocks,sat_minisat,SUCCESS,0,0.37,44256
mldsa-native,sign,smt,SUCCESS,0,5.37,51032
mldsa-native,sign,sat_cadical,SUCCESS,0,1.99,57436
mldsa-native,sign,sat_minisat,SUCCESS,0,2.02,50680
mldsa-native,sign_keypair,smt,SUCCESS,0,0.33,32424
mldsa-native,sign_keypair,sat_cadical,SUCCESS,0,0.31,39428
mldsa-native,sign_keypair,sat_minisat,SUCCESS,0,0.3,34340
mldsa-native,sign_keypair_internal,smt,UNKNOWN,6,1.24,64812
mldsa-native,sign_keypair_internal,sat_cadical,SUCCESS,0,287.2,3487684
mldsa-native,sign_keypair_internal,sat_minisat,SUCCESS,0,188.31,1223252
mldsa-native,sign_keypair_internal,smt_afs,UNKNOWN,6,1.19,66296
mldsa-native,sign_keypair_internal,sat_cadical_afs,SUCCESS,0,293.35,3520080
mldsa-native,sign_open,smt,SUCCESS,0,0.79,45680
mldsa-native,sign_open,sat_cadical,SUCCESS,0,0.79,48740
mldsa-native,sign_open,sat_minisat,SUCCESS,0,0.79,37820
mldsa-native,sign_pk_from_sk,smt,UNKNOWN,6,2.32,109504
mldsa-native,sign_pk_from_sk,sat_cadical,SUCCESS,0,282.83,4165476
mldsa-native,sign_pk_from_sk,sat_minisat,SUCCESS,0,121.7,1551604
mldsa-native,sign_pk_from_sk,smt_afs,UNKNOWN,6,1.94,110700
mldsa-native,sign_pk_from_sk,sat_cadical_afs,SUCCESS,0,293.34,4108728
mldsa-native,sign_signature,smt,SUCCESS,0,0.56,42508
mldsa-native,sign_signature,sat_cadical,SUCCESS,0,0.61,57056
mldsa-native,sign_signature,sat_minisat,SUCCESS,0,0.71,44476
mldsa-native,sign_signature_extmu,smt,SUCCESS,0,0.37,40724
mldsa-native,sign_signature_extmu,sat_cadical,SUCCESS,0,0.4,40288
mldsa-native,sign_signature_extmu,sat_minisat,SUCCESS,0,0.35,34196
mldsa-native,sign_signature_internal,smt,INVARIANT_VIOLATION,6,3.74,131340
mldsa-native,sign_signature_internal,sat_cadical,TIMEOUT,124,300.76,19621616
mldsa-native,sign_signature_internal,sat_minisat,TIMEOUT,124,300.37,5313348
mldsa-native,sign_signature_internal,smt_afs,INVARIANT_VIOLATION,6,2.72,133144
mldsa-native,sign_signature_internal,sat_cadical_afs,TIMEOUT,124,300.73,19554020
mldsa-native,sign_signature_pre_hash_internal,smt,SUCCESS,0,1.01,50176
mldsa-native,sign_signature_pre_hash_internal,sat_cadical,SUCCESS,0,0.73,68452
mldsa-native,sign_signature_pre_hash_internal,sat_minisat,SUCCESS,0,0.69,52804
mldsa-native,sign_signature_pre_hash_internal,smt_afs,SUCCESS,0,1.21,50308
mldsa-native,sign_signature_pre_hash_internal,sat_cadical_afs,SUCCESS,0,0.75,69224
mldsa-native,sign_signature_pre_hash_shake256,smt,SUCCESS,0,0.42,42368
mldsa-native,sign_signature_pre_hash_shake256,sat_cadical,SUCCESS,0,0.42,44024
mldsa-native,sign_signature_pre_hash_shake256,sat_minisat,SUCCESS,0,0.44,37068
mldsa-native,sign_signature_pre_hash_shake256,smt_afs,SUCCESS,0,0.43,42260
mldsa-native,sign_signature_pre_hash_shake256,sat_cadical_afs,SUCCESS,0,0.43,44852
mldsa-native,sign_verify,smt,SUCCESS,0,0.4,41636
mldsa-native,sign_verify,sat_cadical,SUCCESS,0,0.39,46832
mldsa-native,sign_verify,sat_minisat,SUCCESS,0,0.47,37232
mldsa-native,sign_verify_extmu,smt,SUCCESS,0,0.21,31836
mldsa-native,sign_verify_extmu,sat_cadical,SUCCESS,0,0.2,30188
mldsa-native,sign_verify_extmu,sat_minisat,SUCCESS,0,0.19,27552
mldsa-native,sign_verify_internal,smt,SUCCESS,0,136.77,2812340
mldsa-native,sign_verify_internal,sat_cadical,TIMEOUT,124,300.58,15146072
mldsa-native,sign_verify_internal,sat_minisat,TIMEOUT,124,300.3,5290736
mldsa-native,sign_verify_pre_hash_internal,smt,SUCCESS,0,0.79,48324
mldsa-native,sign_verify_pre_hash_internal,sat_cadical,SUCCESS,0,0.6,60920
mldsa-native,sign_verify_pre_hash_internal,sat_minisat,SUCCESS,0,0.57,48136
mldsa-native,sign_verify_pre_hash_internal,smt_afs,SUCCESS,0,0.81,48260
mldsa-native,sign_verify_pre_hash_internal,sat_cadical_afs,SUCCESS,0,0.63,61780
mldsa-native,sign_verify_pre_hash_shake256,smt,SUCCESS,0,0.38,42588
mldsa-native,sign_verify_pre_hash_shake256,sat_cadical,SUCCESS,0,0.48,44416
mldsa-native,sign_verify_pre_hash_shake256,sat_minisat,SUCCESS,0,0.38,34932
mldsa-native,sign_verify_pre_hash_shake256,smt_afs,SUCCESS,0,0.39,42188
mldsa-native,sign_verify_pre_hash_shake256,sat_cadical_afs,SUCCESS,0,0.5,45212
mldsa-native,sys_check_capability,smt,SUCCESS,0,0.06,20792
mldsa-native,sys_check_capability,sat_cadical,SUCCESS,0,0.06,20944
mldsa-native,sys_check_capability,sat_minisat,SUCCESS,0,0.06,20596
mldsa-native,unpack_hints,smt,SUCCESS,0,1.88,82080
mldsa-native,unpack_hints,sat_cadical,SUCCESS,0,222.45,4059004
mldsa-native,unpack_hints,sat_minisat,SUCCESS,0,83.76,1546744
mldsa-native,unpack_pk,smt,SUCCESS,0,1.4,141768
mldsa-native,unpack_pk,sat_cadical,SUCCESS,0,23.83,752644
mldsa-native,unpack_pk,sat_minisat,SUCCESS,0,4.97,280280
mldsa-native,unpack_sig,smt,SUCCESS,0,1.21,176136
mldsa-native,unpack_sig,sat_cadical,SUCCESS,0,76.84,1491976
mldsa-native,unpack_sig,sat_minisat,SUCCESS,0,27.25,564728
mldsa-native,unpack_sk,smt,SUCCESS,0,2.55,225564
mldsa-native,unpack_sk,sat_cadical,SUCCESS,0,166.32,2276632
mldsa-native,unpack_sk,sat_minisat,SUCCESS,0,88.89,852752
mldsa-native,use_hint,smt,SUCCESS,0,0.29,44732
mldsa-native,use_hint,sat_cadical,SUCCESS,0,0.28,63404
mldsa-native,use_hint,sat_minisat,SUCCESS,0,0.38,39676
mldsa-native,value_barrier_i64,smt,SUCCESS,0,0.16,32456
mldsa-native,value_barrier_i64,sat_cadical,SUCCESS,0,0.11,34700
mldsa-native,value_barrier_i64,sat_minisat,SUCCESS,0,0.1,27784
mldsa-native,value_barrier_u32,smt,SUCCESS,0,0.15,33004
mldsa-native,value_barrier_u32,sat_cadical,SUCCESS,0,0.11,34396
mldsa-native,value_barrier_u32,sat_minisat,SUCCESS,0,0.1,27792
mldsa-native,value_barrier_u8,smt,SUCCESS,0,0.16,33568
mldsa-native,value_barrier_u8,sat_cadical,SUCCESS,0,0.12,46752
mldsa-native,value_barrier_u8,sat_minisat,SUCCESS,0,0.11,28288
mlkem-native,barrett_reduce,smt,SUCCESS,0,0.46,52840
mlkem-native,barrett_reduce,sat_cadical,SUCCESS,0,0.21,39192
mlkem-native,barrett_reduce,sat_minisat,SUCCESS,0,0.15,27112
mlkem-native,check_pct,smt,SKIPPED,N/A,N/A,N/A
mlkem-native,check_pct,sat_cadical,SUCCESS,0,2.46,349304
mlkem-native,check_pct,sat_minisat,SUCCESS,0,1.43,167332
mlkem-native,ct_cmask_neg_i16,smt,SUCCESS,0,0.19,33568
mlkem-native,ct_cmask_neg_i16,sat_cadical,SUCCESS,0,0.13,47660
mlkem-native,ct_cmask_neg_i16,sat_minisat,SUCCESS,0,0.12,28936
mlkem-native,ct_cmask_nonzero_u16,smt,SUCCESS,0,0.1,32360
mlkem-native,ct_cmask_nonzero_u16,sat_cadical,SUCCESS,0,0.08,34048
mlkem-native,ct_cmask_nonzero_u16,sat_minisat,SUCCESS,0,0.08,24312
mlkem-native,ct_cmask_nonzero_u8,smt,SUCCESS,0,0.1,32360
mlkem-native,ct_cmask_nonzero_u8,sat_cadical,SUCCESS,0,0.08,34424
mlkem-native,ct_cmask_nonzero_u8,sat_minisat,SUCCESS,0,0.08,24916
mlkem-native,ct_cmov_zero,smt,SKIPPED,N/A,N/A,N/A
mlkem-native,ct_cmov_zero,sat_cadical,SUCCESS,0,0.96,105096
mlkem-native,ct_cmov_zero,sat_minisat,SUCCESS,0,1.34,72272
mlkem-native,ct_get_optblocker_i32,smt,SKIPPED,N/A,N/A,N/A
mlkem-native,ct_get_optblocker_i32,sat_cadical,SUCCESS,0,0.09,22660
mlkem-native,ct_get_optblocker_i32,sat_minisat,SUCCESS,0,0.08,22340
mlkem-native,ct_get_optblocker_u32,smt,SKIPPED,N/A,N/A,N/A
mlkem-native,ct_get_optblocker_u32,sat_cadical,SUCCESS,0,0.08,22680
mlkem-native,ct_get_optblocker_u32,sat_minisat,SUCCESS,0,0.08,22052
mlkem-native,ct_get_optblocker_u8,smt,SKIPPED,N/A,N/A,N/A
mlkem-native,ct_get_optblocker_u8,sat_cadical,SUCCESS,0,0.08,22372
mlkem-native,ct_get_optblocker_u8,sat_minisat,SUCCESS,0,0.08,22312
mlkem-native,ct_memcmp,smt,SKIPPED,N/A,N/A,N/A
mlkem-native,ct_memcmp,sat_cadical,SUCCESS,0,0.53,84288
mlkem-native,ct_memcmp,sat_minisat,SUCCESS,0,2.48,52128
mlkem-native,ct_sel_int16,smt,SUCCESS,0,0.17,41600
mlkem-native,ct_sel_int16,sat_cadical,SUCCESS,0,0.15,49648
mlkem-native,ct_sel_int16,sat_minisat,SUCCESS,0,0.13,30584
mlkem-native,ct_sel_uint8,smt,SUCCESS,0,0.17,41832
mlkem-native,ct_sel_uint8,sat_cadical,SUCCESS,0,0.14,48584
mlkem-native,ct_sel_uint8,sat_minisat,SUCCESS,0,0.12,29500
mlkem-native,fqmul,smt,SUCCESS,0,12.12,57360
mlkem-native,fqmul,sat_cadical,SUCCESS,0,0.26,56536
mlkem-native,fqmul,sat_minisat,SUCCESS,0,0.22,32388
mlkem-native,gen_matrix,smt,SUCCESS,0,2.97,244056
mlkem-native,gen_matrix,sat_cadical,SUCCESS,0,90.35,1743384
mlkem-native,gen_matrix,sat_minisat,SUCCESS,0,32.97,702592
mlkem-native,gen_matrix_serial,smt,SUCCESS,0,4.79,234392
mlkem-native,gen_matrix_serial,sat_cadical,SUCCESS,0,101.57,1795120
mlkem-native,gen_matrix_serial,sat_minisat,SUCCESS,0,31.95,737740
mlkem-native,indcpa_dec,smt,SUCCESS,0,22.54,431648
mlkem-native,indcpa_dec,sat_cadical,SUCCESS,0,130.19,5131812
mlkem-native,indcpa_dec,sat_minisat,SUCCESS,0,41.72,2118712
mlkem-native,indcpa_enc,smt,SUCCESS,0,224.12,1401904
mlkem-native,indcpa_enc,sat_cadical,TIMEOUT,124,300.52,14509112
mlkem-native,indcpa_enc,sat_minisat,SUCCESS,0,168.67,5580032
mlkem-native,indcpa_keypair_derand,smt,TIMEOUT,124,300.07,174592
mlkem-native,indcpa_keypair_derand,sat_cadical,TIMEOUT,124,300.85,14182572
mlkem-native,indcpa_keypair_derand,sat_minisat,SUCCESS,0,252.35,5746752
mlkem-native,intt_native_aarch64,smt,SUCCESS,0,0.34,51116
mlkem-native,intt_native_aarch64,sat_cadical,SUCCESS,0,1.07,144764
mlkem-native,intt_native_aarch64,sat_minisat,SUCCESS,0,0.74,71408
mlkem-native,intt_native_x86_64,smt,SUCCESS,0,0.45,55288
mlkem-native,intt_native_x86_64,sat_cadical,SUCCESS,0,2.93,177600
mlkem-native,intt_native_x86_64,sat_minisat,SUCCESS,0,1.56,87668
mlkem-native,invntt_layer,smt,SUCCESS,0,3.82,107548
mlkem-native,invntt_layer,sat_cadical,SUCCESS,0,26.61,996920
mlkem-native,invntt_layer,sat_minisat,SUCCESS,0,19.1,413584
mlkem-native,keccak_absorb_once,smt,SKIPPED,N/A,N/A,N/A
mlkem-native,keccak_absorb_once,sat_cadical,SUCCESS,0,3.21,173972
mlkem-native,keccak_absorb_once,sat_minisat,SUCCESS,0,3.32,107532
mlkem-native,keccak_absorb_once_x4,smt,SKIPPED,N/A,N/A,N/A
mlkem-native,keccak_absorb_once_x4,sat_cadical,SUCCESS,0,11.18,268328
mlkem-native,keccak_absorb_once_x4,sat_minisat,SUCCESS,0,11.2,164520
mlkem-native,keccak_f1600_x1_native_aarch64,smt,SKIPPED,N/A,N/A,N/A
mlkem-native,keccak_f1600_x1_native_aarch64,sat_cadical,SUCCESS,0,0.11,24072
mlkem-native,keccak_f1600_x1_native_aarch64,sat_minisat,SUCCESS,0,0.11,23792
mlkem-native,keccak_f1600_x1_native_aarch64_v84a,smt,SKIPPED,N/A,N/A,N/A
mlkem-native,keccak_f1600_x1_native_aarch64_v84a,sat_cadical,SUCCESS,0,0.11,24072
mlkem-native,keccak_f1600_x1_native_aarch64_v84a,sat_minisat,SUCCESS,0,0.11,23772
mlkem-native,keccak_f1600_x4_native_aarch64_v84a,smt,SKIPPED,N/A,N/A,N/A
mlkem-native,keccak_f1600_x4_native_aarch64_v84a,sat_cadical,SUCCESS,0,0.15,26124
mlkem-native,keccak_f1600_x4_native_aarch64_v84a,sat_minisat,SUCCESS,0,0.15,25796
mlkem-native,keccak_f1600_x4_native_aarch64_v8a_scalar_hybrid,smt,SKIPPED,N/A,N/A,N/A
mlkem-native,keccak_f1600_x4_native_aarch64_v8a_scalar_hybrid,sat_cadical,SUCCESS,0,0.11,23780
mlkem-native,keccak_f1600_x4_native_aarch64_v8a_scalar_hybrid,sat_minisat,SUCCESS,0,0.14,23212
mlkem-native,keccak_f1600_x4_native_aarch64_v8a_v84a_scalar_hybrid,smt,SKIPPED,N/A,N/A,N/A
mlkem-native,keccak_f1600_x4_native_aarch64_v8a_v84a_scalar_hybrid,sat_cadical,SUCCESS,0,0.11,23784
mlkem-native,keccak_f1600_x4_native_aarch64_v8a_v84a_scalar_hybrid,sat_minisat,SUCCESS,0,0.11,23176
mlkem-native,keccak_squeeze_once,smt,SKIPPED,N/A,N/A,N/A
mlkem-native,keccak_squeeze_once,sat_cadical,OOM,6,108.85,29607432
mlkem-native,keccak_squeeze_once,sat_minisat,OOM,6,118.14,27278892
mlkem-native,keccak_squeeze_once,smt_afs,INVARIANT_VIOLATION,6,5.07,55772
mlkem-native,keccak_squeeze_once,sat_cadical_afs,OOM,6,105.49,28554724
mlkem-native,keccak_squeezeblocks,smt,SKIPPED,N/A,N/A,N/A
mlkem-native,keccak_squeezeblocks,sat_cadical,OOM,6,109.37,29652488
mlkem-native,keccak_squeezeblocks,sat_minisat,OOM,6,119.65,27320072
mlkem-native,keccak_squeezeblocks,smt_afs,INVARIANT_VIOLATION,6,4.44,52704
mlkem-native,keccak_squeezeblocks,sat_cadical_afs,OOM,6,106.51,28823468
mlkem-native,keccak_squeezeblocks_x4,smt,SKIPPED,N/A,N/A,N/A
mlkem-native,keccak_squeezeblocks_x4,sat_cadical,OOM,6,120.3,29008300
mlkem-native,keccak_squeezeblocks_x4,sat_minisat,OOM,6,133.05,27603856
mlkem-native,keccak_squeezeblocks_x4,smt_afs,INVARIANT_VIOLATION,6,42.5,249836
mlkem-native,keccak_squeezeblocks_x4,sat_cadical_afs,OOM,6,125.7,29906528
mlkem-native,keccakf1600_extract_bytes,smt,SKIPPED,N/A,N/A,N/A
mlkem-native,keccakf1600_extract_bytes,sat_cadical,SUCCESS,0,0.3,56472
mlkem-native,keccakf1600_extract_bytes,sat_minisat,SUCCESS,0,0.29,35600
mlkem-native,keccakf1600_extract_bytes_BE,smt,SKIPPED,N/A,N/A,N/A
mlkem-native,keccakf1600_extract_bytes_BE,sat_cadical,SUCCESS,0,0.29,53952
mlkem-native,keccakf1600_extract_bytes_BE,sat_minisat,SUCCESS,0,0.25,33792
mlkem-native,keccakf1600_permute,smt,SUCCESS,0,2.81,58172
mlkem-native,keccakf1600_permute,sat_cadical,SUCCESS,0,2.79,95796
mlkem-native,keccakf1600_permute,sat_minisat,SUCCESS,0,3.15,73276
mlkem-native,keccakf1600_permute,smt_afs,SUCCESS,0,5.47,59060
mlkem-native,keccakf1600_permute,sat_cadical_afs,SUCCESS,0,7.77,96472
mlkem-native,keccakf1600_permute_native,smt,SKIPPED,N/A,N/A,N/A
mlkem-native,keccakf1600_permute_native,sat_cadical,SUCCESS,0,6.19,231616
mlkem-native,keccakf1600_permute_native,sat_minisat,SUCCESS,0,5.97,123800
mlkem-native,keccakf1600_xor_bytes,smt,SKIPPED,N/A,N/A,N/A
mlkem-native,keccakf1600_xor_bytes,sat_cadical,SUCCESS,0,0.45,68564
mlkem-native,keccakf1600_xor_bytes,sat_minisat,SUCCESS,0,0.34,41592
mlkem-native,keccakf1600_xor_bytes_BE,smt,SKIPPED,N/A,N/A,N/A
mlkem-native,keccakf1600_xor_bytes_BE,sat_cadical,SUCCESS,0,0.36,66756
mlkem-native,keccakf1600_xor_bytes_BE,sat_minisat,SUCCESS,0,0.35,39284
mlkem-native,keccakf1600x4_extract_bytes,smt,SKIPPED,N/A,N/A,N/A
mlkem-native,keccakf1600x4_extract_bytes,sat_cadical,SUCCESS,0,0.51,117888
mlkem-native,keccakf1600x4_extract_bytes,sat_minisat,SUCCESS,0,0.38,53068
mlkem-native,keccakf1600x4_extract_bytes_native,smt,SKIPPED,N/A,N/A,N/A
mlkem-native,keccakf1600x4_extract_bytes_native,sat_cadical,SUCCESS,0,3.57,266592
mlkem-native,keccakf1600x4_extract_bytes_native,sat_minisat,SUCCESS,0,1.85,141136
mlkem-native,keccakf1600x4_permute,smt,SUCCESS,0,0.23,29732
mlkem-native,keccakf1600x4_permute,sat_cadical,SUCCESS,0,0.31,30144
mlkem-native,keccakf1600x4_permute,sat_minisat,SUCCESS,0,0.23,29796
mlkem-native,keccakf1600x4_permute,smt_afs,SUCCESS,0,0.23,29824
mlkem-native,keccakf1600x4_permute,sat_cadical_afs,SUCCESS,0,0.23,30124
mlkem-native,keccakf1600x4_permute_native_x4,smt,SKIPPED,N/A,N/A,N/A
mlkem-native,keccakf1600x4_permute_native_x4,sat_cadical,SUCCESS,0,25.93,951576
mlkem-native,keccakf1600x4_permute_native_x4,sat_minisat,SUCCESS,0,25.62,505336
mlkem-native,keccakf1600x4_xor_bytes,smt,SKIPPED,N/A,N/A,N/A
mlkem-native,keccakf1600x4_xor_bytes,sat_cadical,SUCCESS,0,0.87,132372
mlkem-native,keccakf1600x4_xor_bytes,sat_minisat,SUCCESS,0,0.45,57268
mlkem-native,keccakf1600x4_xor_bytes_native,smt,SKIPPED,N/A,N/A,N/A
mlkem-native,keccakf1600x4_xor_bytes_native,sat_cadical,SUCCESS,0,8.2,486384
mlkem-native,keccakf1600x4_xor_bytes_native,sat_minisat,SUCCESS,0,3.81,219872
mlkem-native,kem_check_pk,smt,SUCCESS,0,2.75,163972
mlkem-native,kem_check_pk,sat_cadical,TIMEOUT,124,301.24,26170780
mlkem-native,kem_check_pk,sat_minisat,SUCCESS,0,71.9,7621332
mlkem-native,kem_check_sk,smt,SUCCESS,0,0.58,45772
mlkem-native,kem_check_sk,sat_cadical,SUCCESS,0,0.89,161064
mlkem-native,kem_check_sk,sat_minisat,SUCCESS,0,0.67,99900
mlkem-native,kem_dec,smt,SUCCESS,0,9.74,213712
mlkem-native,kem_dec,sat_cadical,SUCCESS,0,257.1,22177440
mlkem-native,kem_dec,sat_minisat,SUCCESS,0,52.15,6634740
mlkem-native,kem_enc,smt,SUCCESS,0,0.79,70572
mlkem-native,kem_enc,sat_cadical,SUCCESS,0,1.26,208616
mlkem-native,kem_enc,sat_minisat,SUCCESS,0,0.92,124424
mlkem-native,kem_enc_derand,smt,SUCCESS,0,2.69,109956
mlkem-native,kem_enc_derand,sat_cadical,SUCCESS,0,3,463196
mlkem-native,kem_enc_derand,sat_minisat,SUCCESS,0,2.1,237964
mlkem-native,kem_keypair,smt,SUCCESS,0,1.09,98488
mlkem-native,kem_keypair,sat_cadical,SUCCESS,0,2.03,299772
mlkem-native,kem_keypair,sat_minisat,SUCCESS,0,1.17,159200
mlkem-native,kem_keypair_derand,smt,SUCCESS,0,0.9,67456
mlkem-native,kem_keypair_derand,sat_cadical,SUCCESS,0,1.67,418476
mlkem-native,kem_keypair_derand,sat_minisat,SUCCESS,0,1.24,306968
mlkem-native,matvec_mul,smt,SUCCESS,0,0.43,43560
mlkem-native,matvec_mul,sat_cadical,SUCCESS,0,16.21,964664
mlkem-native,matvec_mul,sat_minisat,SUCCESS,0,8.17,365848
mlkem-native,matvec_mul,smt_afs,SUCCESS,0,22.45,76608
mlkem-native,matvec_mul,sat_cadical_afs,SUCCESS,0,15.96,966176
mlkem-native,montgomery_reduce,smt,SUCCESS,0,0.19,43144
mlkem-native,montgomery_reduce,sat_cadical,SUCCESS,0,0.11,34952
mlkem-native,montgomery_reduce,sat_minisat,SUCCESS,0,0.08,25248
mlkem-native,ntt_butterfly_block,smt,SKIPPED,N/A,N/A,N/A
mlkem-native,ntt_butterfly_block,sat_cadical,TIMEOUT,124,300.39,7373992
mlkem-native,ntt_butterfly_block,sat_minisat,TIMEOUT,124,300.16,2523668
mlkem-native,ntt_layer,smt,SKIPPED,N/A,N/A,N/A
mlkem-native,ntt_layer,sat_cadical,TIMEOUT,124,300.55,9576640
mlkem-native,ntt_layer,sat_minisat,SUCCESS,0,151.15,3225588
mlkem-native,ntt_native_aarch64,smt,SUCCESS,0,0.38,51736
mlkem-native,ntt_native_aarch64,sat_cadical,SUCCESS,0,3.17,250896
mlkem-native,ntt_native_aarch64,sat_minisat,SUCCESS,0,1.23,108100
mlkem-native,ntt_native_x86_64,smt,SUCCESS,0,0.51,56248
mlkem-native,ntt_native_x86_64,sat_cadical,SUCCESS,0,7.3,342744
mlkem-native,ntt_native_x86_64,sat_minisat,SUCCESS,0,2.76,140432
mlkem-native,nttunpack_native_x86_64,smt,SUCCESS,0,0.92,58892
mlkem-native,nttunpack_native_x86_64,sat_cadical,SUCCESS,0,256.51,2587792
mlkem-native,nttunpack_native_x86_64,sat_minisat,TIMEOUT,124,300.06,847332
mlkem-native,poly_add,smt,SUCCESS,0,0.83,56156
mlkem-native,poly_add,sat_cadical,TIMEOUT,124,300.43,7269840
mlkem-native,poly_add,sat_minisat,SUCCESS,0,144.78,2314512
mlkem-native,poly_cbd_eta1,smt,SUCCESS,0,1,51608
mlkem-native,poly_cbd_eta1,sat_cadical,SUCCESS,0,19.86,786148
mlkem-native,poly_cbd_eta1,sat_minisat,SUCCESS,0,3.59,270816
mlkem-native,poly_cbd_eta2,smt,SUCCESS,0,0.02,18592
mlkem-native,poly_cbd_eta2,sat_cadical,SUCCESS,0,0.03,19196
mlkem-native,poly_cbd_eta2,sat_minisat,SUCCESS,0,0.03,18608
mlkem-native,poly_compress_du,smt,SUCCESS,0,1.36,72756
mlkem-native,poly_compress_du,sat_cadical,SUCCESS,0,2.72,235284
mlkem-native,poly_compress_du,sat_minisat,SUCCESS,0,1.58,123696
mlkem-native,poly_compress_dv,smt,SUCCESS,0,0.91,57624
mlkem-native,poly_compress_dv,sat_cadical,SUCCESS,0,2.3,206784
mlkem-native,poly_compress_dv,sat_minisat,SUCCESS,0,1.33,106508
mlkem-native,poly_decompress_du,smt,SUCCESS,0,1.01,47608
mlkem-native,poly_decompress_du,sat_cadical,SUCCESS,0,27.44,1072136
mlkem-native,poly_decompress_du,sat_minisat,SUCCESS,0,5.13,389260
mlkem-native,poly_decompress_dv,smt,SKIPPED,N/A,N/A,N/A
mlkem-native,poly_decompress_dv,sat_cadical,SUCCESS,0,6.37,336092
mlkem-native,poly_decompress_dv,sat_minisat,SUCCESS,0,1.5,149996
mlkem-native,poly_frombytes,smt,SKIPPED,N/A,N/A,N/A
mlkem-native,poly_frombytes,sat_cadical,SUCCESS,0,0.57,109312
mlkem-native,poly_frombytes,sat_minisat,SUCCESS,0,0.36,51668
mlkem-native,poly_frombytes_c,smt,SUCCESS,0,5.03,65564
mlkem-native,poly_frombytes_c,sat_cadical,SUCCESS,0,4.85,329472
mlkem-native,poly_frombytes_c,sat_minisat,SUCCESS,0,1.67,135492
mlkem-native,poly_frombytes_native,smt,SKIPPED,N/A,N/A,N/A
mlkem-native,poly_frombytes_native,sat_cadical,SUCCESS,0,1.17,161264
mlkem-native,poly_frombytes_native,sat_minisat,SUCCESS,0,0.63,80588
mlkem-native,poly_frombytes_native_x86_64,smt,SKIPPED,N/A,N/A,N/A
mlkem-native,poly_frombytes_native_x86_64,sat_cadical,SUCCESS,0,1.37,158068
mlkem-native,poly_frombytes_native_x86_64,sat_minisat,SUCCESS,0,0.61,76476
mlkem-native,poly_frommsg,smt,SKIPPED,N/A,N/A,N/A
mlkem-native,poly_frommsg,sat_cadical,SUCCESS,0,24.81,1037468
mlkem-native,poly_frommsg,sat_minisat,SUCCESS,0,4.76,374460
mlkem-native,poly_getnoise_eta1122_4x,smt,SUCCESS,0,0.03,18208
mlkem-native,poly_getnoise_eta1122_4x,sat_cadical,SUCCESS,0,0.02,18868
mlkem-native,poly_getnoise_eta1122_4x,sat_minisat,SUCCESS,0,0.02,18324
mlkem-native,poly_getnoise_eta1122_4x_native,smt,SUCCESS,0,0.03,18884
mlkem-native,poly_getnoise_eta1122_4x_native,sat_cadical,SUCCESS,0,0.03,19172
mlkem-native,poly_getnoise_eta1122_4x_native,sat_minisat,SUCCESS,0,0.03,18284
mlkem-native,poly_getnoise_eta1_4x,smt,SUCCESS,0,3.63,141696
mlkem-native,poly_getnoise_eta1_4x,sat_cadical,SUCCESS,0,21.01,798780
mlkem-native,poly_getnoise_eta1_4x,sat_minisat,SUCCESS,0,8.97,373644
mlkem-native,poly_getnoise_eta1_4x_native,smt,SUCCESS,0,2.3,119532
mlkem-native,poly_getnoise_eta1_4x_native,sat_cadical,SUCCESS,0,20.63,781636
mlkem-native,poly_getnoise_eta1_4x_native,sat_minisat,SUCCESS,0,10.26,338088
mlkem-native,poly_getnoise_eta2,smt,SUCCESS,0,0.02,18596
mlkem-native,poly_getnoise_eta2,sat_cadical,SUCCESS,0,0.02,18920
mlkem-native,poly_getnoise_eta2,sat_minisat,SUCCESS,0,0.02,18592
mlkem-native,poly_invntt_tomont,smt,SUCCESS,0,0.22,39728
mlkem-native,poly_invntt_tomont,sat_cadical,SUCCESS,0,0.69,125348
mlkem-native,poly_invntt_tomont,sat_minisat,SUCCESS,0,0.65,73204
mlkem-native,poly_invntt_tomont_c,smt,SUCCESS,0,1.01,74392
mlkem-native,poly_invntt_tomont_c,sat_cadical,SUCCESS,0,76.5,3356628
mlkem-native,poly_invntt_tomont_c,sat_minisat,SUCCESS,0,14.88,1122508
mlkem-native,poly_invntt_tomont_native,smt,SUCCESS,0,0.38,45812
mlkem-native,poly_invntt_tomont_native,sat_cadical,SUCCESS,0,4.23,272600
mlkem-native,poly_invntt_tomont_native,sat_minisat,SUCCESS,0,2.72,142040
mlkem-native,poly_mulcache_compute,smt,SUCCESS,0,0.12,23756
mlkem-native,poly_mulcache_compute,sat_cadical,SUCCESS,0,0.12,24364
mlkem-native,poly_mulcache_compute,sat_minisat,SUCCESS,0,0.12,24068
mlkem-native,poly_mulcache_compute_c,smt,SUCCESS,0,1.89,58776
mlkem-native,poly_mulcache_compute_c,sat_cadical,SUCCESS,0,1.97,232632
mlkem-native,poly_mulcache_compute_c,sat_minisat,SUCCESS,0,1.01,96820
mlkem-native,poly_mulcache_compute_native,smt,SUCCESS,0,0.3,36512
mlkem-native,poly_mulcache_compute_native,sat_cadical,SUCCESS,0,0.37,74336
mlkem-native,poly_mulcache_compute_native,sat_minisat,SUCCESS,0,0.31,43620
mlkem-native,poly_mulcache_compute_native_aarch64,smt,SUCCESS,0,0.3,45584
mlkem-native,poly_mulcache_compute_native_aarch64,sat_cadical,SUCCESS,0,0.69,111916
mlkem-native,poly_mulcache_compute_native_aarch64,sat_minisat,SUCCESS,0,0.41,53408
mlkem-native,poly_mulcache_compute_native_x86_64,smt,SUCCESS,0,0.42,50908
mlkem-native,poly_mulcache_compute_native_x86_64,sat_cadical,SUCCESS,0,0.82,119004
mlkem-native,poly_mulcache_compute_native_x86_64,sat_minisat,SUCCESS,0,0.53,59840
mlkem-native,poly_ntt,smt,SKIPPED,N/A,N/A,N/A
mlkem-native,poly_ntt,sat_cadical,SUCCESS,0,3.02,150580
mlkem-native,poly_ntt,sat_minisat,SUCCESS,0,1.34,74196
mlkem-native,poly_ntt_c,smt,SUCCESS,0,0.73,60276
mlkem-native,poly_ntt_c,sat_cadical,SUCCESS,0,20.13,693672
mlkem-native,poly_ntt_c,sat_minisat,SUCCESS,0,32.43,274008
mlkem-native,poly_ntt_native,smt,SKIPPED,N/A,N/A,N/A
mlkem-native,poly_ntt_native,sat_cadical,SUCCESS,0,11.22,396960
mlkem-native,poly_ntt_native,sat_minisat,SUCCESS,0,5.3,185100
mlkem-native,poly_reduce,smt,SKIPPED,N/A,N/A,N/A
mlkem-native,poly_reduce,sat_cadical,SUCCESS,0,0.69,110052
mlkem-native,poly_reduce,sat_minisat,SUCCESS,0,0.49,55048
mlkem-native,poly_reduce_c,smt,SUCCESS,0,0.69,50952
mlkem-native,poly_reduce_c,sat_cadical,SUCCESS,0,6.46,322612
mlkem-native,poly_reduce_c,sat_minisat,SUCCESS,0,1.53,139348
mlkem-native,poly_reduce_native,smt,SKIPPED,N/A,N/A,N/A
mlkem-native,poly_reduce_native,sat_cadical,SUCCESS,0,3.96,240900
mlkem-native,poly_reduce_native,sat_minisat,SUCCESS,0,1.4,105420
mlkem-native,poly_reduce_native_aarch64,smt,SUCCESS,0,0.31,47536
mlkem-native,poly_reduce_native_aarch64,sat_cadical,SUCCESS,0,1.14,144272
mlkem-native,poly_reduce_native_aarch64,sat_minisat,SUCCESS,0,0.62,70356
mlkem-native,poly_reduce_native_x86_64,smt,SUCCESS,0,0.45,50436
mlkem-native,poly_reduce_native_x86_64,sat_cadical,SUCCESS,0,3.16,177744
mlkem-native,poly_reduce_native_x86_64,sat_minisat,SUCCESS,0,1.05,86644
mlkem-native,poly_rej_uniform,smt,SKIPPED,N/A,N/A,N/A
mlkem-native,poly_rej_uniform,sat_cadical,SUCCESS,0,36.31,1421788
mlkem-native,poly_rej_uniform,sat_minisat,SUCCESS,0,8.98,530796
mlkem-native,poly_rej_uniform_x4,smt,SUCCESS,0,14.52,383940
mlkem-native,poly_rej_uniform_x4,sat_cadical,SUCCESS,0,163.87,4664600
mlkem-native,poly_rej_uniform_x4,sat_minisat,SUCCESS,0,39.11,1912608
mlkem-native,poly_sub,smt,SUCCESS,0,0.62,49684
mlkem-native,poly_sub,sat_cadical,SUCCESS,0,251.43,7311356
mlkem-native,poly_sub,sat_minisat,SUCCESS,0,107.44,2341616
mlkem-native,poly_tobytes,smt,SKIPPED,N/A,N/A,N/A
mlkem-native,poly_tobytes,sat_cadical,SUCCESS,0,0.62,100148
mlkem-native,poly_tobytes,sat_minisat,SUCCESS,0,0.41,50436
mlkem-native,poly_tobytes_c,smt,SUCCESS,0,0.34,45936
mlkem-native,poly_tobytes_c,sat_cadical,SUCCESS,0,2.02,168844
mlkem-native,poly_tobytes_c,sat_minisat,SUCCESS,0,0.83,76232
mlkem-native,poly_tobytes_native,smt,SKIPPED,N/A,N/A,N/A
mlkem-native,poly_tobytes_native,sat_cadical,SUCCESS,0,2.99,193128
mlkem-native,poly_tobytes_native,sat_minisat,SUCCESS,0,1.3,91352
mlkem-native,poly_tobytes_native_aarch64,smt,SUCCESS,0,0.25,41256
mlkem-native,poly_tobytes_native_aarch64,sat_cadical,SUCCESS,0,0.99,137296
mlkem-native,poly_tobytes_native_aarch64,sat_minisat,SUCCESS,0,0.6,69192
mlkem-native,poly_tobytes_native_x86_64,smt,SUCCESS,0,0.38,46740
mlkem-native,poly_tobytes_native_x86_64,sat_cadical,SUCCESS,0,1.25,154380
mlkem-native,poly_tobytes_native_x86_64,sat_minisat,SUCCESS,0,0.69,76672
mlkem-native,poly_tomont,smt,SUCCESS,0,0.26,44580
mlkem-native,poly_tomont,sat_cadical,SUCCESS,0,0.65,107556
mlkem-native,poly_tomont,sat_minisat,SUCCESS,0,0.61,53224
mlkem-native,poly_tomont_c,smt,SUCCESS,0,0.44,46712
mlkem-native,poly_tomont_c,sat_cadical,SUCCESS,0,6.61,358544
mlkem-native,poly_tomont_c,sat_minisat,SUCCESS,0,1.43,130208
mlkem-native,poly_tomont_native,smt,SUCCESS,0,0.44,51208
mlkem-native,poly_tomont_native,sat_cadical,SUCCESS,0,4.39,243448
mlkem-native,poly_tomont_native,sat_minisat,SUCCESS,0,2.36,102960
mlkem-native,poly_tomont_native_aarch64,smt,SUCCESS,0,0.31,47564
mlkem-native,poly_tomont_native_aarch64,sat_cadical,SUCCESS,0,1.47,144320
mlkem-native,poly_tomont_native_aarch64,sat_minisat,SUCCESS,0,0.82,70716
mlkem-native,poly_tomont_native_x86_64,smt,SUCCESS,0,0.41,50548
mlkem-native,poly_tomont_native_x86_64,sat_cadical,SUCCESS,0,3.03,172096
mlkem-native,poly_tomont_native_x86_64,sat_minisat,SUCCESS,0,1.12,87068
mlkem-native,poly_tomsg,smt,SKIPPED,N/A,N/A,N/A
mlkem-native,poly_tomsg,sat_cadical,SUCCESS,0,1.9,172696
mlkem-native,poly_tomsg,sat_minisat,SUCCESS,0,1.06,84688
mlkem-native,polymat_permute_bitrev_to_custom,smt,SUCCESS,0,3.19,187612
mlkem-native,polymat_permute_bitrev_to_custom,sat_cadical,SUCCESS,0,250.21,3290564
mlkem-native,polymat_permute_bitrev_to_custom,sat_minisat,SUCCESS,0,70.15,1177236
mlkem-native,polymat_permute_bitrev_to_custom,smt_afs,SUCCESS,0,2.63,179052
mlkem-native,polymat_permute_bitrev_to_custom,sat_cadical_afs,SUCCESS,0,249.89,3293128
mlkem-native,polyvec_add,smt,SUCCESS,0,3.13,148844
mlkem-native,polyvec_add,sat_cadical,SUCCESS,0,232.13,3475304
mlkem-native,polyvec_add,sat_minisat,TIMEOUT,124,300.1,1325232
mlkem-native,polyvec_add,smt_afs,SUCCESS,0,3.69,173796
mlkem-native,polyvec_add,sat_cadical_afs,SUCCESS,0,163.09,2825872
mlkem-native,polyvec_basemul_acc_montgomery_cached,smt,SUCCESS,0,0.18,35000
mlkem-native,polyvec_basemul_acc_montgomery_cached,sat_cadical,SUCCESS,0,3.15,282864
mlkem-native,polyvec_basemul_acc_montgomery_cached,sat_minisat,SUCCESS,0,1.38,110292
mlkem-native,polyvec_basemul_acc_montgomery_cached,smt_afs,SUCCESS,0,0.19,34924
mlkem-native,polyvec_basemul_acc_montgomery_cached,sat_cadical_afs,SUCCESS,0,3.07,283468
mlkem-native,polyvec_basemul_acc_montgomery_cached_c,smt,SUCCESS,0,67.83,211836
mlkem-native,polyvec_basemul_acc_montgomery_cached_c,sat_cadical,SUCCESS,0,25.98,926800
mlkem-native,polyvec_basemul_acc_montgomery_cached_c,sat_minisat,SUCCESS,0,6.94,349140
mlkem-native,polyvec_basemul_acc_montgomery_cached_k2_native_aarch64,smt,SUCCESS,0,0.28,41800
mlkem-native,polyvec_basemul_acc_montgomery_cached_k2_native_aarch64,sat_cadical,SUCCESS,0,2.22,227436
mlkem-native,polyvec_basemul_acc_montgomery_cached_k2_native_aarch64,sat_minisat,SUCCESS,0,1.1,106336
mlkem-native,polyvec_basemul_acc_montgomery_cached_k2_native_x86_64,smt,SUCCESS,0,0.42,48144
mlkem-native,polyvec_basemul_acc_montgomery_cached_k2_native_x86_64,sat_cadical,SUCCESS,0,2.41,271332
mlkem-native,polyvec_basemul_acc_montgomery_cached_k2_native_x86_64,sat_minisat,SUCCESS,0,1.1,115488
mlkem-native,polyvec_basemul_acc_montgomery_cached_k3_native_aarch64,smt,SUCCESS,0,0.29,42032
mlkem-native,polyvec_basemul_acc_montgomery_cached_k3_native_aarch64,sat_cadical,SUCCESS,0,3.37,337088
mlkem-native,polyvec_basemul_acc_montgomery_cached_k3_native_aarch64,sat_minisat,SUCCESS,0,1.49,142416
mlkem-native,polyvec_basemul_acc_montgomery_cached_k3_native_x86_64,smt,SUCCESS,0,0.43,48068
mlkem-native,polyvec_basemul_acc_montgomery_cached_k3_native_x86_64,sat_cadical,SUCCESS,0,3.53,343444
mlkem-native,polyvec_basemul_acc_montgomery_cached_k3_native_x86_64,sat_minisat,SUCCESS,0,1.49,150640
mlkem-native,polyvec_basemul_acc_montgomery_cached_k4_native_aarch64,smt,SUCCESS,0,0.29,41884
mlkem-native,polyvec_basemul_acc_montgomery_cached_k4_native_aarch64,sat_cadical,SUCCESS,0,5,410948
mlkem-native,polyvec_basemul_acc_montgomery_cached_k4_native_aarch64,sat_minisat,SUCCESS,0,1.98,176064
mlkem-native,polyvec_basemul_acc_montgomery_cached_k4_native_x86_64,smt,SUCCESS,0,0.43,48156
mlkem-native,polyvec_basemul_acc_montgomery_cached_k4_native_x86_64,sat_cadical,SUCCESS,0,5,415428
mlkem-native,polyvec_basemul_acc_montgomery_cached_k4_native_x86_64,sat_minisat,SUCCESS,0,1.91,184348
mlkem-native,polyvec_basemul_acc_montgomery_cached_native,smt,SUCCESS,0,47.64,132984
mlkem-native,polyvec_basemul_acc_montgomery_cached_native,sat_cadical,SUCCESS,0,14.12,782032
mlkem-native,polyvec_basemul_acc_montgomery_cached_native,sat_minisat,SUCCESS,0,4.14,283804
mlkem-native,polyvec_compress_du,smt,SUCCESS,0,0.36,39632
mlkem-native,polyvec_compress_du,sat_cadical,SUCCESS,0,13.45,449148
mlkem-native,polyvec_compress_du,sat_minisat,SUCCESS,0,3.94,179336
mlkem-native,polyvec_compress_du,smt_afs,SUCCESS,0,0.52,39804
mlkem-native,polyvec_compress_du,sat_cadical_afs,SUCCESS,0,13.35,449776
mlkem-native,polyvec_decompress_du,smt,SUCCESS,0,0.54,51328
mlkem-native,polyvec_decompress_du,sat_cadical,SUCCESS,0,12.78,483164
mlkem-native,polyvec_decompress_du,sat_minisat,SUCCESS,0,4.47,202344
mlkem-native,polyvec_frombytes,smt,SUCCESS,0,0.75,64472
mlkem-native,polyvec_frombytes,sat_cadical,SUCCESS,0,7.49,480440
mlkem-native,polyvec_frombytes,sat_minisat,SUCCESS,0,2.68,191884
mlkem-native,polyvec_invntt_tomont,smt,SUCCESS,0,0.56,56400
mlkem-native,polyvec_invntt_tomont,sat_cadical,SUCCESS,0,14.88,486292
mlkem-native,polyvec_invntt_tomont,sat_minisat,SUCCESS,0,7.94,194228
mlkem-native,polyvec_mulcache_compute,smt,SUCCESS,0,0.22,29252
mlkem-native,polyvec_mulcache_compute,sat_cadical,SUCCESS,0,0.22,29580
mlkem-native,polyvec_mulcache_compute,sat_minisat,SUCCESS,0,0.22,29268
mlkem-native,polyvec_ntt,smt,SUCCESS,0,36.09,88668
mlkem-native,polyvec_ntt,sat_cadical,SUCCESS,0,29.07,718164
mlkem-native,polyvec_ntt,sat_minisat,SUCCESS,0,9.87,266504
mlkem-native,polyvec_permute_bitrev_to_custom,smt,SUCCESS,0,0.13,35424
mlkem-native,polyvec_permute_bitrev_to_custom,sat_cadical,SUCCESS,0,5.85,260484
mlkem-native,polyvec_permute_bitrev_to_custom,sat_minisat,SUCCESS,0,2.2,113908
mlkem-native,polyvec_permute_bitrev_to_custom_native,smt,SUCCESS,0,2.72,119108
mlkem-native,polyvec_permute_bitrev_to_custom_native,sat_cadical,SUCCESS,0,49.23,1370584
mlkem-native,polyvec_permute_bitrev_to_custom_native,sat_minisat,SUCCESS,0,14.31,506096
mlkem-native,polyvec_reduce,smt,SUCCESS,0,0.58,64052
mlkem-native,polyvec_reduce,sat_cadical,SUCCESS,0,11.93,475084
mlkem-native,polyvec_reduce,sat_minisat,SUCCESS,0,5.16,193144
mlkem-native,polyvec_tobytes,smt,SUCCESS,0,0.41,43772
mlkem-native,polyvec_tobytes,sat_cadical,SUCCESS,0,14.23,493420
mlkem-native,polyvec_tobytes,sat_minisat,SUCCESS,0,4.93,197016
mlkem-native,polyvec_tobytes,smt_afs,SUCCESS,0,0.41,43540
mlkem-native,polyvec_tobytes,sat_cadical_afs,SUCCESS,0,14.03,493808
mlkem-native,polyvec_tomont,smt,SUCCESS,0,0.6,64336
mlkem-native,polyvec_tomont,sat_cadical,SUCCESS,0,15.8,486328
mlkem-native,polyvec_tomont,sat_minisat,SUCCESS,0,6.28,193412
mlkem-native,rej_uniform,smt,SKIPPED,N/A,N/A,N/A
mlkem-native,rej_uniform,sat_cadical,SUCCESS,0,6.69,317364
mlkem-native,rej_uniform,sat_minisat,SUCCESS,0,3.79,115220
mlkem-native,rej_uniform_c,smt,SUCCESS,0,99.85,107628
mlkem-native,rej_uniform_c,sat_cadical,SUCCESS,0,24.65,1435164
mlkem-native,rej_uniform_c,sat_minisat,SUCCESS,0,61.91,534776
mlkem-native,rej_uniform_native,smt,SKIPPED,N/A,N/A,N/A
mlkem-native,rej_uniform_native,sat_cadical,SUCCESS,0,42.82,1608964
mlkem-native,rej_uniform_native,sat_minisat,SUCCESS,0,22.85,546256
mlkem-native,rej_uniform_native_aarch64,smt,SUCCESS,0,3.66,95640
mlkem-native,rej_uniform_native_aarch64,sat_cadical,OOM,6,149.35,29981100
mlkem-native,rej_uniform_native_aarch64,sat_minisat,SUCCESS,0,221.34,13828836
mlkem-native,rej_uniform_native_x86_64,smt,SUCCESS,0,10.47,132756
mlkem-native,rej_uniform_native_x86_64,sat_cadical,OOM,6,144.94,29896724
mlkem-native,rej_uniform_native_x86_64,sat_minisat,SUCCESS,0,199.11,13832332
mlkem-native,scalar_compress_d1,smt,SUCCESS,0,0.16,41832
mlkem-native,scalar_compress_d1,sat_cadical,SUCCESS,0,0.13,34100
mlkem-native,scalar_compress_d1,sat_minisat,SUCCESS,0,0.07,24312
mlkem-native,scalar_compress_d10,smt,SUCCESS,0,0.66,42172
mlkem-native,scalar_compress_d10,sat_cadical,SUCCESS,0,0.49,35344
mlkem-native,scalar_compress_d10,sat_minisat,SUCCESS,0,0.34,26420
mlkem-native,scalar_compress_d11,smt,SUCCESS,0,0.67,42560
mlkem-native,scalar_compress_d11,sat_cadical,SUCCESS,0,0.58,35356
mlkem-native,scalar_compress_d11,sat_minisat,SUCCESS,0,0.34,26056
mlkem-native,scalar_compress_d4,smt,SUCCESS,0,0.28,42028
mlkem-native,scalar_compress_d4,sat_cadical,SUCCESS,0,0.1,34228
mlkem-native,scalar_compress_d4,sat_minisat,SUCCESS,0,0.08,24644
mlkem-native,scalar_compress_d5,smt,SUCCESS,0,0.28,41976
mlkem-native,scalar_compress_d5,sat_cadical,SUCCESS,0,0.14,34236
mlkem-native,scalar_compress_d5,sat_minisat,SUCCESS,0,0.08,24364
mlkem-native,scalar_decompress_d10,smt,SUCCESS,0,0.11,40480
mlkem-native,scalar_decompress_d10,sat_cadical,SUCCESS,0,0.09,32804
mlkem-native,scalar_decompress_d10,sat_minisat,SUCCESS,0,0.07,23492
mlkem-native,scalar_decompress_d11,smt,SUCCESS,0,0.11,40836
mlkem-native,scalar_decompress_d11,sat_cadical,SUCCESS,0,0.09,32524
mlkem-native,scalar_decompress_d11,sat_minisat,SUCCESS,0,0.07,23792
mlkem-native,scalar_decompress_d4,smt,SUCCESS,0,0.11,40900
mlkem-native,scalar_decompress_d4,sat_cadical,SUCCESS,0,0.08,32476
mlkem-native,scalar_decompress_d4,sat_minisat,SUCCESS,0,0.07,23656
mlkem-native,scalar_decompress_d5,smt,SUCCESS,0,0.11,40732
mlkem-native,scalar_decompress_d5,sat_cadical,SUCCESS,0,0.08,32440
mlkem-native,scalar_decompress_d5,sat_minisat,SUCCESS,0,0.07,23808
mlkem-native,scalar_signed_to_unsigned_q,smt,SUCCESS,0,0.28,42548
mlkem-native,scalar_signed_to_unsigned_q,sat_cadical,SUCCESS,0,0.3,73720
mlkem-native,scalar_signed_to_unsigned_q,sat_minisat,SUCCESS,0,0.24,38156
mlkem-native,sha3_256,smt,SKIPPED,N/A,N/A,N/A
mlkem-native,sha3_256,sat_cadical,SUCCESS,0,0.34,88864
mlkem-native,sha3_256,sat_minisat,SUCCESS,0,0.39,44532
mlkem-native,sha3_512,smt,SKIPPED,N/A,N/A,N/A
mlkem-native,sha3_512,sat_cadical,SUCCESS,0,0.34,89500
mlkem-native,sha3_512,sat_minisat,SUCCESS,0,0.38,45344
mlkem-native,shake128_absorb_once,smt,SKIPPED,N/A,N/A,N/A
mlkem-native,shake128_absorb_once,sat_cadical,SUCCESS,0,0.18,53172
mlkem-native,shake128_absorb_once,sat_minisat,SUCCESS,0,0.2,30960
mlkem-native,shake128_squeezeblocks,smt,SKIPPED,N/A,N/A,N/A
mlkem-native,shake128_squeezeblocks,sat_cadical,SUCCESS,0,0.24,53408
mlkem-native,shake128_squeezeblocks,sat_minisat,SUCCESS,0,0.19,35800
mlkem-native,shake128x4_absorb_once,smt,SKIPPED,N/A,N/A,N/A
mlkem-native,shake128x4_absorb_once,sat_cadical,SUCCESS,0,0.27,68388
mlkem-native,shake128x4_absorb_once,sat_minisat,SUCCESS,0,0.29,38596
mlkem-native,shake128x4_squeezeblocks,smt,SKIPPED,N/A,N/A,N/A
mlkem-native,shake128x4_squeezeblocks,sat_cadical,SUCCESS,0,0.42,81860
mlkem-native,shake128x4_squeezeblocks,sat_minisat,SUCCESS,0,0.3,44804
mlkem-native,shake256,smt,SKIPPED,N/A,N/A,N/A
mlkem-native,shake256,sat_cadical,SUCCESS,0,0.36,90708
mlkem-native,shake256,sat_minisat,SUCCESS,0,0.48,45344
mlkem-native,shake256x4,smt,SKIPPED,N/A,N/A,N/A
mlkem-native,shake256x4,sat_cadical,SUCCESS,0,82.31,270732
mlkem-native,shake256x4,sat_minisat,SUCCESS,0,241.31,231256
mlkem-native,sys_check_capability,smt,SUCCESS,0,0.05,20600
mlkem-native,sys_check_capability,sat_cadical,SUCCESS,0,0.07,20928
mlkem-native,sys_check_capability,sat_minisat,SUCCESS,0,0.07,20612
mlkem-native,value_barrier_i32,smt,SKIPPED,N/A,N/A,N/A
mlkem-native,value_barrier_i32,sat_cadical,SUCCESS,0,0.11,34872
mlkem-native,value_barrier_i32,sat_minisat,SUCCESS,0,0.11,28660
mlkem-native,value_barrier_u32,smt,SKIPPED,N/A,N/A,N/A
mlkem-native,value_barrier_u32,sat_cadical,SUCCESS,0,0.11,35212
mlkem-native,value_barrier_u32,sat_minisat,SUCCESS,0,0.1,28080
mlkem-native,value_barrier_u8,smt,SKIPPED,N/A,N/A,N/A
mlkem-native,value_barrier_u8,sat_cadical,SUCCESS,0,0.12,47632
mlkem-native,value_barrier_u8,sat_minisat,SUCCESS,0,0.15,29220
