encoding	benchmark	run	time	result	conflicts
shift-add	const_mul_8_3	1	.005317	unsat	0
shift-add	const_mul_8_3	2	.004871	unsat	0
shift-add	const_mul_8_3	3	.004721	unsat	0
shift-add	const_mul_8_3	4	.004749	unsat	0
shift-add	const_mul_8_3	5	.004730	unsat	0
comba-cs	const_mul_8_3	1	.004673	unsat	0
comba-cs	const_mul_8_3	2	.004621	unsat	0
comba-cs	const_mul_8_3	3	.004755	unsat	0
comba-cs	const_mul_8_3	4	.004672	unsat	0
comba-cs	const_mul_8_3	5	.004730	unsat	0
dadda	const_mul_8_3	1	.004698	unsat	0
dadda	const_mul_8_3	2	.004707	unsat	0
dadda	const_mul_8_3	3	.004728	unsat	0
dadda	const_mul_8_3	4	.004684	unsat	0
dadda	const_mul_8_3	5	.004613	unsat	0
booth	const_mul_8_3	1	.004682	unsat	0
booth	const_mul_8_3	2	.004782	unsat	0
booth	const_mul_8_3	3	.005020	unsat	0
booth	const_mul_8_3	4	.004950	unsat	0
booth	const_mul_8_3	5	.004880	unsat	0
block4	const_mul_8_3	1	.004772	unsat	0
block4	const_mul_8_3	2	.004714	unsat	0
block4	const_mul_8_3	3	.004659	unsat	0
block4	const_mul_8_3	4	.004714	unsat	0
block4	const_mul_8_3	5	.004651	unsat	0
sortnet	const_mul_8_3	1	.004820	unsat	0
sortnet	const_mul_8_3	2	.004746	unsat	0
sortnet	const_mul_8_3	3	.004698	unsat	0
sortnet	const_mul_8_3	4	.004678	unsat	0
sortnet	const_mul_8_3	5	.004668	unsat	0
shift-add	const_mul_8_15	1	.004658	unsat	0
shift-add	const_mul_8_15	2	.004685	unsat	0
shift-add	const_mul_8_15	3	.004760	unsat	0
shift-add	const_mul_8_15	4	.004735	unsat	0
shift-add	const_mul_8_15	5	.004614	unsat	0
comba-cs	const_mul_8_15	1	.004724	unsat	0
comba-cs	const_mul_8_15	2	.004622	unsat	0
comba-cs	const_mul_8_15	3	.004655	unsat	0
comba-cs	const_mul_8_15	4	.004674	unsat	0
comba-cs	const_mul_8_15	5	.004625	unsat	0
dadda	const_mul_8_15	1	.004594	unsat	0
dadda	const_mul_8_15	2	.004646	unsat	0
dadda	const_mul_8_15	3	.004637	unsat	0
dadda	const_mul_8_15	4	.004731	unsat	0
dadda	const_mul_8_15	5	.004691	unsat	0
booth	const_mul_8_15	1	.004667	unsat	0
booth	const_mul_8_15	2	.004634	unsat	0
booth	const_mul_8_15	3	.004684	unsat	0
booth	const_mul_8_15	4	.004589	unsat	0
booth	const_mul_8_15	5	.004625	unsat	0
block4	const_mul_8_15	1	.004587	unsat	0
block4	const_mul_8_15	2	.004627	unsat	0
block4	const_mul_8_15	3	.004670	unsat	0
block4	const_mul_8_15	4	.004678	unsat	0
block4	const_mul_8_15	5	.004632	unsat	0
sortnet	const_mul_8_15	1	.004622	unsat	0
sortnet	const_mul_8_15	2	.004577	unsat	0
sortnet	const_mul_8_15	3	.004596	unsat	0
sortnet	const_mul_8_15	4	.004674	unsat	0
sortnet	const_mul_8_15	5	.004686	unsat	0
shift-add	const_mul_8_255	1	.004770	unsat	0
shift-add	const_mul_8_255	2	.004661	unsat	0
shift-add	const_mul_8_255	3	.004606	unsat	0
shift-add	const_mul_8_255	4	.004606	unsat	0
shift-add	const_mul_8_255	5	.004670	unsat	0
comba-cs	const_mul_8_255	1	.004770	unsat	0
comba-cs	const_mul_8_255	2	.004577	unsat	0
comba-cs	const_mul_8_255	3	.004646	unsat	0
comba-cs	const_mul_8_255	4	.004672	unsat	0
comba-cs	const_mul_8_255	5	.004686	unsat	0
dadda	const_mul_8_255	1	.004708	unsat	0
dadda	const_mul_8_255	2	.004612	unsat	0
dadda	const_mul_8_255	3	.004635	unsat	0
dadda	const_mul_8_255	4	.004571	unsat	0
dadda	const_mul_8_255	5	.004646	unsat	0
booth	const_mul_8_255	1	.004659	unsat	0
booth	const_mul_8_255	2	.004636	unsat	0
booth	const_mul_8_255	3	.004638	unsat	0
booth	const_mul_8_255	4	.004575	unsat	0
booth	const_mul_8_255	5	.004645	unsat	0
block4	const_mul_8_255	1	.004676	unsat	0
block4	const_mul_8_255	2	.004685	unsat	0
block4	const_mul_8_255	3	.004603	unsat	0
block4	const_mul_8_255	4	.004662	unsat	0
block4	const_mul_8_255	5	.004607	unsat	0
sortnet	const_mul_8_255	1	.004673	unsat	0
sortnet	const_mul_8_255	2	.004653	unsat	0
sortnet	const_mul_8_255	3	.004669	unsat	0
sortnet	const_mul_8_255	4	.004620	unsat	0
sortnet	const_mul_8_255	5	.004600	unsat	0
shift-add	const_mul_16_3	1	.004689	unsat	0
shift-add	const_mul_16_3	2	.004666	unsat	0
shift-add	const_mul_16_3	3	.004680	unsat	0
shift-add	const_mul_16_3	4	.004778	unsat	0
shift-add	const_mul_16_3	5	.004640	unsat	0
comba-cs	const_mul_16_3	1	.004661	unsat	0
comba-cs	const_mul_16_3	2	.004634	unsat	0
comba-cs	const_mul_16_3	3	.004660	unsat	0
comba-cs	const_mul_16_3	4	.004587	unsat	0
comba-cs	const_mul_16_3	5	.004645	unsat	0
dadda	const_mul_16_3	1	.004678	unsat	0
dadda	const_mul_16_3	2	.004668	unsat	0
dadda	const_mul_16_3	3	.004673	unsat	0
dadda	const_mul_16_3	4	.004649	unsat	0
dadda	const_mul_16_3	5	.004640	unsat	0
booth	const_mul_16_3	1	.004684	unsat	0
booth	const_mul_16_3	2	.004664	unsat	0
booth	const_mul_16_3	3	.004605	unsat	0
booth	const_mul_16_3	4	.004564	unsat	0
booth	const_mul_16_3	5	.004649	unsat	0
block4	const_mul_16_3	1	.004701	unsat	0
block4	const_mul_16_3	2	.004708	unsat	0
block4	const_mul_16_3	3	.004633	unsat	0
block4	const_mul_16_3	4	.004649	unsat	0
block4	const_mul_16_3	5	.004654	unsat	0
sortnet	const_mul_16_3	1	.004645	unsat	0
sortnet	const_mul_16_3	2	.004575	unsat	0
sortnet	const_mul_16_3	3	.004584	unsat	0
sortnet	const_mul_16_3	4	.004742	unsat	0
sortnet	const_mul_16_3	5	.004674	unsat	0
shift-add	const_mul_16_15	1	.004604	unsat	0
shift-add	const_mul_16_15	2	.004598	unsat	0
shift-add	const_mul_16_15	3	.004638	unsat	0
shift-add	const_mul_16_15	4	.004579	unsat	0
shift-add	const_mul_16_15	5	.004615	unsat	0
comba-cs	const_mul_16_15	1	.004661	unsat	0
comba-cs	const_mul_16_15	2	.004633	unsat	0
comba-cs	const_mul_16_15	3	.004722	unsat	0
comba-cs	const_mul_16_15	4	.004599	unsat	0
comba-cs	const_mul_16_15	5	.004610	unsat	0
dadda	const_mul_16_15	1	.004579	unsat	0
dadda	const_mul_16_15	2	.004527	unsat	0
dadda	const_mul_16_15	3	.004617	unsat	0
dadda	const_mul_16_15	4	.004634	unsat	0
dadda	const_mul_16_15	5	.004628	unsat	0
booth	const_mul_16_15	1	.004651	unsat	0
booth	const_mul_16_15	2	.004621	unsat	0
booth	const_mul_16_15	3	.004558	unsat	0
booth	const_mul_16_15	4	.004648	unsat	0
booth	const_mul_16_15	5	.004685	unsat	0
block4	const_mul_16_15	1	.004636	unsat	0
block4	const_mul_16_15	2	.004679	unsat	0
block4	const_mul_16_15	3	.004590	unsat	0
block4	const_mul_16_15	4	.004584	unsat	0
block4	const_mul_16_15	5	.004730	unsat	0
sortnet	const_mul_16_15	1	.004625	unsat	0
sortnet	const_mul_16_15	2	.004601	unsat	0
sortnet	const_mul_16_15	3	.004651	unsat	0
sortnet	const_mul_16_15	4	.004643	unsat	0
sortnet	const_mul_16_15	5	.004639	unsat	0
shift-add	const_mul_16_255	1	.004600	unsat	0
shift-add	const_mul_16_255	2	.004634	unsat	0
shift-add	const_mul_16_255	3	.004690	unsat	0
shift-add	const_mul_16_255	4	.004627	unsat	0
shift-add	const_mul_16_255	5	.004676	unsat	0
comba-cs	const_mul_16_255	1	.004788	unsat	0
comba-cs	const_mul_16_255	2	.004587	unsat	0
comba-cs	const_mul_16_255	3	.004678	unsat	0
comba-cs	const_mul_16_255	4	.004645	unsat	0
comba-cs	const_mul_16_255	5	.004634	unsat	0
dadda	const_mul_16_255	1	.004657	unsat	0
dadda	const_mul_16_255	2	.004725	unsat	0
dadda	const_mul_16_255	3	.004622	unsat	0
dadda	const_mul_16_255	4	.004661	unsat	0
dadda	const_mul_16_255	5	.004610	unsat	0
booth	const_mul_16_255	1	.004637	unsat	0
booth	const_mul_16_255	2	.004559	unsat	0
booth	const_mul_16_255	3	.004589	unsat	0
booth	const_mul_16_255	4	.004585	unsat	0
booth	const_mul_16_255	5	.004662	unsat	0
block4	const_mul_16_255	1	.004608	unsat	0
block4	const_mul_16_255	2	.004606	unsat	0
block4	const_mul_16_255	3	.004581	unsat	0
block4	const_mul_16_255	4	.004631	unsat	0
block4	const_mul_16_255	5	.004584	unsat	0
sortnet	const_mul_16_255	1	.004655	unsat	0
sortnet	const_mul_16_255	2	.004587	unsat	0
sortnet	const_mul_16_255	3	.004626	unsat	0
sortnet	const_mul_16_255	4	.004696	unsat	0
sortnet	const_mul_16_255	5	.004641	unsat	0
shift-add	const_mul_32_15	1	.004638	unsat	0
shift-add	const_mul_32_15	2	.004743	unsat	0
shift-add	const_mul_32_15	3	.004581	unsat	0
shift-add	const_mul_32_15	4	.004605	unsat	0
shift-add	const_mul_32_15	5	.004590	unsat	0
comba-cs	const_mul_32_15	1	.004613	unsat	0
comba-cs	const_mul_32_15	2	.004704	unsat	0
comba-cs	const_mul_32_15	3	.004634	unsat	0
comba-cs	const_mul_32_15	4	.004655	unsat	0
comba-cs	const_mul_32_15	5	.004736	unsat	0
dadda	const_mul_32_15	1	.004714	unsat	0
dadda	const_mul_32_15	2	.004602	unsat	0
dadda	const_mul_32_15	3	.004663	unsat	0
dadda	const_mul_32_15	4	.004778	unsat	0
dadda	const_mul_32_15	5	.004634	unsat	0
booth	const_mul_32_15	1	.004769	unsat	0
booth	const_mul_32_15	2	.004718	unsat	0
booth	const_mul_32_15	3	.004789	unsat	0
booth	const_mul_32_15	4	.004652	unsat	0
booth	const_mul_32_15	5	.004672	unsat	0
block4	const_mul_32_15	1	.004603	unsat	0
block4	const_mul_32_15	2	.004593	unsat	0
block4	const_mul_32_15	3	.004595	unsat	0
block4	const_mul_32_15	4	.004649	unsat	0
block4	const_mul_32_15	5	.004651	unsat	0
sortnet	const_mul_32_15	1	.004611	unsat	0
sortnet	const_mul_32_15	2	.004719	unsat	0
sortnet	const_mul_32_15	3	.004714	unsat	0
sortnet	const_mul_32_15	4	.004744	unsat	0
sortnet	const_mul_32_15	5	.004608	unsat	0
shift-add	const_mul_32_255	1	.004636	unsat	0
shift-add	const_mul_32_255	2	.004750	unsat	0
shift-add	const_mul_32_255	3	.004704	unsat	0
shift-add	const_mul_32_255	4	.004725	unsat	0
shift-add	const_mul_32_255	5	.004610	unsat	0
comba-cs	const_mul_32_255	1	.004605	unsat	0
comba-cs	const_mul_32_255	2	.004625	unsat	0
comba-cs	const_mul_32_255	3	.004617	unsat	0
comba-cs	const_mul_32_255	4	.004632	unsat	0
comba-cs	const_mul_32_255	5	.004637	unsat	0
dadda	const_mul_32_255	1	.004656	unsat	0
dadda	const_mul_32_255	2	.004686	unsat	0
dadda	const_mul_32_255	3	.004656	unsat	0
dadda	const_mul_32_255	4	.004634	unsat	0
dadda	const_mul_32_255	5	.004604	unsat	0
booth	const_mul_32_255	1	.004596	unsat	0
booth	const_mul_32_255	2	.004601	unsat	0
booth	const_mul_32_255	3	.004598	unsat	0
booth	const_mul_32_255	4	.004747	unsat	0
booth	const_mul_32_255	5	.004613	unsat	0
block4	const_mul_32_255	1	.004642	unsat	0
block4	const_mul_32_255	2	.004676	unsat	0
block4	const_mul_32_255	3	.004686	unsat	0
block4	const_mul_32_255	4	.004635	unsat	0
block4	const_mul_32_255	5	.004637	unsat	0
sortnet	const_mul_32_255	1	.004598	unsat	0
sortnet	const_mul_32_255	2	.004675	unsat	0
sortnet	const_mul_32_255	3	.004710	unsat	0
sortnet	const_mul_32_255	4	.004650	unsat	0
sortnet	const_mul_32_255	5	.004622	unsat	0
shift-add	strength_16_3	1	.005018	unsat	0
shift-add	strength_16_3	2	.005012	unsat	0
shift-add	strength_16_3	3	.005043	unsat	0
shift-add	strength_16_3	4	.004994	unsat	0
shift-add	strength_16_3	5	.004994	unsat	0
comba-cs	strength_16_3	1	.005037	unsat	0
comba-cs	strength_16_3	2	.004977	unsat	0
comba-cs	strength_16_3	3	.004964	unsat	0
comba-cs	strength_16_3	4	.005044	unsat	0
comba-cs	strength_16_3	5	.004998	unsat	0
dadda	strength_16_3	1	.005019	unsat	0
dadda	strength_16_3	2	.005042	unsat	0
dadda	strength_16_3	3	.005007	unsat	0
dadda	strength_16_3	4	.005051	unsat	0
dadda	strength_16_3	5	.004998	unsat	0
booth	strength_16_3	1	.005061	unsat	0
booth	strength_16_3	2	.005137	unsat	0
booth	strength_16_3	3	.005119	unsat	0
booth	strength_16_3	4	.005073	unsat	0
booth	strength_16_3	5	.005045	unsat	0
block4	strength_16_3	1	.005185	unsat	0
block4	strength_16_3	2	.005163	unsat	0
block4	strength_16_3	3	.005158	unsat	0
block4	strength_16_3	4	.005146	unsat	0
block4	strength_16_3	5	.005154	unsat	0
sortnet	strength_16_3	1	.006487	unsat	0
sortnet	strength_16_3	2	.006525	unsat	0
sortnet	strength_16_3	3	.006433	unsat	0
sortnet	strength_16_3	4	.006459	unsat	0
sortnet	strength_16_3	5	.006419	unsat	0
shift-add	strength_16_7	1	.005060	unsat	0
shift-add	strength_16_7	2	.005113	unsat	0
shift-add	strength_16_7	3	.005077	unsat	0
shift-add	strength_16_7	4	.005167	unsat	0
shift-add	strength_16_7	5	.005129	unsat	0
comba-cs	strength_16_7	1	.005090	unsat	0
comba-cs	strength_16_7	2	.005233	unsat	0
comba-cs	strength_16_7	3	.005209	unsat	0
comba-cs	strength_16_7	4	.005156	unsat	0
comba-cs	strength_16_7	5	.005071	unsat	0
dadda	strength_16_7	1	.005222	unsat	0
dadda	strength_16_7	2	.005078	unsat	0
dadda	strength_16_7	3	.005152	unsat	0
dadda	strength_16_7	4	.005164	unsat	0
dadda	strength_16_7	5	.005099	unsat	0
booth	strength_16_7	1	.005086	unsat	0
booth	strength_16_7	2	.005151	unsat	0
booth	strength_16_7	3	.005171	unsat	0
booth	strength_16_7	4	.005083	unsat	0
booth	strength_16_7	5	.005088	unsat	0
block4	strength_16_7	1	.005338	unsat	0
block4	strength_16_7	2	.005199	unsat	0
block4	strength_16_7	3	.005276	unsat	0
block4	strength_16_7	4	.005242	unsat	0
block4	strength_16_7	5	.005244	unsat	0
sortnet	strength_16_7	1	.007907	unsat	0
sortnet	strength_16_7	2	.008164	unsat	0
sortnet	strength_16_7	3	.008060	unsat	0
sortnet	strength_16_7	4	.007931	unsat	0
sortnet	strength_16_7	5	.007907	unsat	0
shift-add	strength_16_15	1	.005175	unsat	0
shift-add	strength_16_15	2	.005182	unsat	0
shift-add	strength_16_15	3	.005151	unsat	0
shift-add	strength_16_15	4	.005233	unsat	0
shift-add	strength_16_15	5	.005125	unsat	0
comba-cs	strength_16_15	1	.005180	unsat	0
comba-cs	strength_16_15	2	.005130	unsat	0
comba-cs	strength_16_15	3	.005157	unsat	0
comba-cs	strength_16_15	4	.005185	unsat	0
comba-cs	strength_16_15	5	.005210	unsat	0
dadda	strength_16_15	1	.005170	unsat	0
dadda	strength_16_15	2	.005163	unsat	0
dadda	strength_16_15	3	.005141	unsat	0
dadda	strength_16_15	4	.005094	unsat	0
dadda	strength_16_15	5	.005119	unsat	0
booth	strength_16_15	1	.005061	unsat	0
booth	strength_16_15	2	.005037	unsat	0
booth	strength_16_15	3	.005090	unsat	0
booth	strength_16_15	4	.005005	unsat	0
booth	strength_16_15	5	.005091	unsat	0
block4	strength_16_15	1	.005199	unsat	0
block4	strength_16_15	2	.005271	unsat	0
block4	strength_16_15	3	.005248	unsat	0
block4	strength_16_15	4	.005363	unsat	0
block4	strength_16_15	5	.005351	unsat	0
sortnet	strength_16_15	1	.009393	unsat	0
sortnet	strength_16_15	2	.009325	unsat	0
sortnet	strength_16_15	3	.009293	unsat	0
sortnet	strength_16_15	4	.009437	unsat	0
sortnet	strength_16_15	5	.009395	unsat	0
shift-add	strength_16_31	1	.005278	unsat	0
shift-add	strength_16_31	2	.005295	unsat	0
shift-add	strength_16_31	3	.005272	unsat	0
shift-add	strength_16_31	4	.005212	unsat	0
shift-add	strength_16_31	5	.005234	unsat	0
comba-cs	strength_16_31	1	.005198	unsat	0
comba-cs	strength_16_31	2	.005274	unsat	0
comba-cs	strength_16_31	3	.005180	unsat	0
comba-cs	strength_16_31	4	.005316	unsat	0
comba-cs	strength_16_31	5	.005224	unsat	0
dadda	strength_16_31	1	.005353	unsat	0
dadda	strength_16_31	2	.005195	unsat	0
dadda	strength_16_31	3	.005260	unsat	0
dadda	strength_16_31	4	.005145	unsat	0
dadda	strength_16_31	5	.005274	unsat	0
booth	strength_16_31	1	.004986	unsat	0
booth	strength_16_31	2	.005107	unsat	0
booth	strength_16_31	3	.005022	unsat	0
booth	strength_16_31	4	.005019	unsat	0
booth	strength_16_31	5	.005024	unsat	0
block4	strength_16_31	1	.005365	unsat	0
block4	strength_16_31	2	.005288	unsat	0
block4	strength_16_31	3	.005363	unsat	0
block4	strength_16_31	4	.005314	unsat	0
block4	strength_16_31	5	.005369	unsat	0
sortnet	strength_16_31	1	.011433	unsat	0
sortnet	strength_16_31	2	.011341	unsat	0
sortnet	strength_16_31	3	.011329	unsat	0
sortnet	strength_16_31	4	.011393	unsat	0
sortnet	strength_16_31	5	.011404	unsat	0
shift-add	strength_32_15	1	.005721	unsat	0
shift-add	strength_32_15	2	.005657	unsat	0
shift-add	strength_32_15	3	.005680	unsat	0
shift-add	strength_32_15	4	.005672	unsat	0
shift-add	strength_32_15	5	.005659	unsat	0
comba-cs	strength_32_15	1	.005681	unsat	0
comba-cs	strength_32_15	2	.005609	unsat	0
comba-cs	strength_32_15	3	.005626	unsat	0
comba-cs	strength_32_15	4	.005723	unsat	0
comba-cs	strength_32_15	5	.005674	unsat	0
dadda	strength_32_15	1	.005681	unsat	0
dadda	strength_32_15	2	.005666	unsat	0
dadda	strength_32_15	3	.005627	unsat	0
dadda	strength_32_15	4	.005599	unsat	0
dadda	strength_32_15	5	.005664	unsat	0
booth	strength_32_15	1	.005496	unsat	0
booth	strength_32_15	2	.005547	unsat	0
booth	strength_32_15	3	.005460	unsat	0
booth	strength_32_15	4	.005562	unsat	0
booth	strength_32_15	5	.005432	unsat	0
block4	strength_32_15	1	.006026	unsat	0
block4	strength_32_15	2	.006012	unsat	0
block4	strength_32_15	3	.006003	unsat	0
block4	strength_32_15	4	.006030	unsat	0
block4	strength_32_15	5	.006144	unsat	0
sortnet	strength_32_15	1	.022741	unsat	0
sortnet	strength_32_15	2	.022579	unsat	0
sortnet	strength_32_15	3	.023023	unsat	0
sortnet	strength_32_15	4	.022950	unsat	0
sortnet	strength_32_15	5	.022703	unsat	0
shift-add	strength_chain_16	1	1.077239	unsat	39757
shift-add	strength_chain_16	2	1.078949	unsat	39757
shift-add	strength_chain_16	3	1.078968	unsat	39757
shift-add	strength_chain_16	4	1.078391	unsat	39757
shift-add	strength_chain_16	5	1.078103	unsat	39757
comba-cs	strength_chain_16	1	1.502721	unsat	43804
comba-cs	strength_chain_16	2	1.498338	unsat	43804
comba-cs	strength_chain_16	3	1.497093	unsat	43804
comba-cs	strength_chain_16	4	1.496446	unsat	43804
comba-cs	strength_chain_16	5	1.498967	unsat	43804
dadda	strength_chain_16	1	.722871	unsat	29188
dadda	strength_chain_16	2	.723028	unsat	29188
dadda	strength_chain_16	3	.721973	unsat	29188
dadda	strength_chain_16	4	.721899	unsat	29188
dadda	strength_chain_16	5	.722262	unsat	29188
booth	strength_chain_16	1	.063631	unsat	4071
booth	strength_chain_16	2	.063032	unsat	4071
booth	strength_chain_16	3	.063212	unsat	4071
booth	strength_chain_16	4	.063051	unsat	4071
booth	strength_chain_16	5	.063086	unsat	4071
block4	strength_chain_16	1	.409330	unsat	18590
block4	strength_chain_16	2	.409070	unsat	18590
block4	strength_chain_16	3	.410274	unsat	18590
block4	strength_chain_16	4	.409417	unsat	18590
block4	strength_chain_16	5	.409100	unsat	18590
sortnet	strength_chain_16	1	6.727634	unsat	34985
sortnet	strength_chain_16	2	6.730212	unsat	34985
sortnet	strength_chain_16	3	6.706785	unsat	34985
sortnet	strength_chain_16	4	6.710594	unsat	34985
sortnet	strength_chain_16	5	6.733223	unsat	34985
shift-add	comm_8	1	.004930	unsat	0
shift-add	comm_8	2	.004814	unsat	0
shift-add	comm_8	3	.004736	unsat	0
shift-add	comm_8	4	.004754	unsat	0
shift-add	comm_8	5	.004680	unsat	0
comba-cs	comm_8	1	.004668	unsat	0
comba-cs	comm_8	2	.004726	unsat	0
comba-cs	comm_8	3	.004675	unsat	0
comba-cs	comm_8	4	.004670	unsat	0
comba-cs	comm_8	5	.004631	unsat	0
dadda	comm_8	1	.004732	unsat	0
dadda	comm_8	2	.004701	unsat	0
dadda	comm_8	3	.004626	unsat	0
dadda	comm_8	4	.004707	unsat	0
dadda	comm_8	5	.004681	unsat	0
booth	comm_8	1	.004611	unsat	0
booth	comm_8	2	.004595	unsat	0
booth	comm_8	3	.004599	unsat	0
booth	comm_8	4	.004704	unsat	0
booth	comm_8	5	.004668	unsat	0
block4	comm_8	1	.004647	unsat	0
block4	comm_8	2	.004686	unsat	0
block4	comm_8	3	.004656	unsat	0
block4	comm_8	4	.004695	unsat	0
block4	comm_8	5	.004656	unsat	0
sortnet	comm_8	1	.004608	unsat	0
sortnet	comm_8	2	.004702	unsat	0
sortnet	comm_8	3	.004684	unsat	0
sortnet	comm_8	4	.004691	unsat	0
sortnet	comm_8	5	.004657	unsat	0
shift-add	comm_10	1	.004683	unsat	0
shift-add	comm_10	2	.004626	unsat	0
shift-add	comm_10	3	.004620	unsat	0
shift-add	comm_10	4	.004610	unsat	0
shift-add	comm_10	5	.004620	unsat	0
comba-cs	comm_10	1	.004733	unsat	0
comba-cs	comm_10	2	.004684	unsat	0
comba-cs	comm_10	3	.004663	unsat	0
comba-cs	comm_10	4	.004608	unsat	0
comba-cs	comm_10	5	.004619	unsat	0
dadda	comm_10	1	.004834	unsat	0
dadda	comm_10	2	.004615	unsat	0
dadda	comm_10	3	.004697	unsat	0
dadda	comm_10	4	.004671	unsat	0
dadda	comm_10	5	.004742	unsat	0
booth	comm_10	1	.004602	unsat	0
booth	comm_10	2	.004643	unsat	0
booth	comm_10	3	.004632	unsat	0
booth	comm_10	4	.004680	unsat	0
booth	comm_10	5	.004681	unsat	0
block4	comm_10	1	.004607	unsat	0
block4	comm_10	2	.004640	unsat	0
block4	comm_10	3	.004623	unsat	0
block4	comm_10	4	.004690	unsat	0
block4	comm_10	5	.004632	unsat	0
sortnet	comm_10	1	.004588	unsat	0
sortnet	comm_10	2	.004610	unsat	0
sortnet	comm_10	3	.004617	unsat	0
sortnet	comm_10	4	.004668	unsat	0
sortnet	comm_10	5	.004602	unsat	0
shift-add	comm_12	1	.004700	unsat	0
shift-add	comm_12	2	.004712	unsat	0
shift-add	comm_12	3	.004643	unsat	0
shift-add	comm_12	4	.004633	unsat	0
shift-add	comm_12	5	.004604	unsat	0
comba-cs	comm_12	1	.004593	unsat	0
comba-cs	comm_12	2	.004600	unsat	0
comba-cs	comm_12	3	.004607	unsat	0
comba-cs	comm_12	4	.004649	unsat	0
comba-cs	comm_12	5	.004674	unsat	0
dadda	comm_12	1	.004675	unsat	0
dadda	comm_12	2	.004645	unsat	0
dadda	comm_12	3	.004691	unsat	0
dadda	comm_12	4	.004629	unsat	0
dadda	comm_12	5	.004671	unsat	0
booth	comm_12	1	.004585	unsat	0
booth	comm_12	2	.004644	unsat	0
booth	comm_12	3	.004654	unsat	0
booth	comm_12	4	.004614	unsat	0
booth	comm_12	5	.004701	unsat	0
block4	comm_12	1	.004601	unsat	0
block4	comm_12	2	.004581	unsat	0
block4	comm_12	3	.004621	unsat	0
block4	comm_12	4	.004648	unsat	0
block4	comm_12	5	.004732	unsat	0
sortnet	comm_12	1	.004757	unsat	0
sortnet	comm_12	2	.004733	unsat	0
sortnet	comm_12	3	.004760	unsat	0
sortnet	comm_12	4	.004731	unsat	0
sortnet	comm_12	5	.004717	unsat	0
shift-add	comm_14	1	.004661	unsat	0
shift-add	comm_14	2	.004689	unsat	0
shift-add	comm_14	3	.004647	unsat	0
shift-add	comm_14	4	.004646	unsat	0
shift-add	comm_14	5	.004672	unsat	0
comba-cs	comm_14	1	.004634	unsat	0
comba-cs	comm_14	2	.004658	unsat	0
comba-cs	comm_14	3	.004661	unsat	0
comba-cs	comm_14	4	.004617	unsat	0
comba-cs	comm_14	5	.004671	unsat	0
dadda	comm_14	1	.004654	unsat	0
dadda	comm_14	2	.004639	unsat	0
dadda	comm_14	3	.004718	unsat	0
dadda	comm_14	4	.004649	unsat	0
dadda	comm_14	5	.004628	unsat	0
booth	comm_14	1	.004576	unsat	0
booth	comm_14	2	.004594	unsat	0
booth	comm_14	3	.004628	unsat	0
booth	comm_14	4	.004600	unsat	0
booth	comm_14	5	.004599	unsat	0
block4	comm_14	1	.004663	unsat	0
block4	comm_14	2	.004702	unsat	0
block4	comm_14	3	.004651	unsat	0
block4	comm_14	4	.004661	unsat	0
block4	comm_14	5	.004742	unsat	0
sortnet	comm_14	1	.004676	unsat	0
sortnet	comm_14	2	.004608	unsat	0
sortnet	comm_14	3	.004591	unsat	0
sortnet	comm_14	4	.004597	unsat	0
sortnet	comm_14	5	.004678	unsat	0
shift-add	comm_16	1	.004621	unsat	0
shift-add	comm_16	2	.004611	unsat	0
shift-add	comm_16	3	.004659	unsat	0
shift-add	comm_16	4	.004620	unsat	0
shift-add	comm_16	5	.004622	unsat	0
comba-cs	comm_16	1	.004586	unsat	0
comba-cs	comm_16	2	.004658	unsat	0
comba-cs	comm_16	3	.004724	unsat	0
comba-cs	comm_16	4	.004695	unsat	0
comba-cs	comm_16	5	.004631	unsat	0
dadda	comm_16	1	.004659	unsat	0
dadda	comm_16	2	.004677	unsat	0
dadda	comm_16	3	.004644	unsat	0
dadda	comm_16	4	.004723	unsat	0
dadda	comm_16	5	.004616	unsat	0
booth	comm_16	1	.004614	unsat	0
booth	comm_16	2	.004676	unsat	0
booth	comm_16	3	.004666	unsat	0
booth	comm_16	4	.004737	unsat	0
booth	comm_16	5	.004616	unsat	0
block4	comm_16	1	.004724	unsat	0
block4	comm_16	2	.004796	unsat	0
block4	comm_16	3	.004590	unsat	0
block4	comm_16	4	.004734	unsat	0
block4	comm_16	5	.004675	unsat	0
sortnet	comm_16	1	.004693	unsat	0
sortnet	comm_16	2	.004743	unsat	0
sortnet	comm_16	3	.004688	unsat	0
sortnet	comm_16	4	.004671	unsat	0
sortnet	comm_16	5	.004624	unsat	0
shift-add	comm_18	1	.004692	unsat	0
shift-add	comm_18	2	.004673	unsat	0
shift-add	comm_18	3	.004713	unsat	0
shift-add	comm_18	4	.004629	unsat	0
shift-add	comm_18	5	.004633	unsat	0
comba-cs	comm_18	1	.004625	unsat	0
comba-cs	comm_18	2	.004664	unsat	0
comba-cs	comm_18	3	.004631	unsat	0
comba-cs	comm_18	4	.004633	unsat	0
comba-cs	comm_18	5	.004653	unsat	0
dadda	comm_18	1	.004676	unsat	0
dadda	comm_18	2	.004714	unsat	0
dadda	comm_18	3	.004675	unsat	0
dadda	comm_18	4	.004722	unsat	0
dadda	comm_18	5	.004617	unsat	0
booth	comm_18	1	.004673	unsat	0
booth	comm_18	2	.004665	unsat	0
booth	comm_18	3	.004665	unsat	0
booth	comm_18	4	.004603	unsat	0
booth	comm_18	5	.004692	unsat	0
block4	comm_18	1	.004687	unsat	0
block4	comm_18	2	.004680	unsat	0
block4	comm_18	3	.004656	unsat	0
block4	comm_18	4	.004662	unsat	0
block4	comm_18	5	.004623	unsat	0
sortnet	comm_18	1	.004647	unsat	0
sortnet	comm_18	2	.004684	unsat	0
sortnet	comm_18	3	.004690	unsat	0
sortnet	comm_18	4	.004768	unsat	0
sortnet	comm_18	5	.004679	unsat	0
shift-add	comm_20	1	.005379	unsat	0
shift-add	comm_20	2	.004643	unsat	0
shift-add	comm_20	3	.004632	unsat	0
shift-add	comm_20	4	.004646	unsat	0
shift-add	comm_20	5	.004580	unsat	0
comba-cs	comm_20	1	.004586	unsat	0
comba-cs	comm_20	2	.004733	unsat	0
comba-cs	comm_20	3	.004690	unsat	0
comba-cs	comm_20	4	.004687	unsat	0
comba-cs	comm_20	5	.004625	unsat	0
dadda	comm_20	1	.004660	unsat	0
dadda	comm_20	2	.004661	unsat	0
dadda	comm_20	3	.004599	unsat	0
dadda	comm_20	4	.004592	unsat	0
dadda	comm_20	5	.004723	unsat	0
booth	comm_20	1	.004672	unsat	0
booth	comm_20	2	.004684	unsat	0
booth	comm_20	3	.004643	unsat	0
booth	comm_20	4	.004600	unsat	0
booth	comm_20	5	.004581	unsat	0
block4	comm_20	1	.004575	unsat	0
block4	comm_20	2	.004623	unsat	0
block4	comm_20	3	.004609	unsat	0
block4	comm_20	4	.004715	unsat	0
block4	comm_20	5	.004683	unsat	0
sortnet	comm_20	1	.004687	unsat	0
sortnet	comm_20	2	.004649	unsat	0
sortnet	comm_20	3	.004671	unsat	0
sortnet	comm_20	4	.004708	unsat	0
sortnet	comm_20	5	.004597	unsat	0
shift-add	mul_ineq_12	1	.513939	unsat	15662
shift-add	mul_ineq_12	2	.514476	unsat	15662
shift-add	mul_ineq_12	3	.514411	unsat	15662
shift-add	mul_ineq_12	4	.514290	unsat	15662
shift-add	mul_ineq_12	5	.513309	unsat	15662
comba-cs	mul_ineq_12	1	.513050	unsat	15662
comba-cs	mul_ineq_12	2	.515582	unsat	15662
comba-cs	mul_ineq_12	3	.513690	unsat	15662
comba-cs	mul_ineq_12	4	.513352	unsat	15662
comba-cs	mul_ineq_12	5	.512659	unsat	15662
dadda	mul_ineq_12	1	.491336	unsat	15206
dadda	mul_ineq_12	2	.492339	unsat	15206
dadda	mul_ineq_12	3	.492350	unsat	15206
dadda	mul_ineq_12	4	.493339	unsat	15206
dadda	mul_ineq_12	5	.491754	unsat	15206
booth	mul_ineq_12	1	1.703360	unsat	48620
booth	mul_ineq_12	2	1.697164	unsat	48620
booth	mul_ineq_12	3	1.696689	unsat	48620
booth	mul_ineq_12	4	1.688774	unsat	48620
booth	mul_ineq_12	5	1.690862	unsat	48620
block4	mul_ineq_12	1	.471621	unsat	13617
block4	mul_ineq_12	2	.472462	unsat	13617
block4	mul_ineq_12	3	.472058	unsat	13617
block4	mul_ineq_12	4	.471354	unsat	13617
block4	mul_ineq_12	5	.472365	unsat	13617
sortnet	mul_ineq_12	1	2.721598	unsat	12285
sortnet	mul_ineq_12	2	2.676412	unsat	12285
sortnet	mul_ineq_12	3	2.680034	unsat	12285
sortnet	mul_ineq_12	4	2.687007	unsat	12285
sortnet	mul_ineq_12	5	2.708280	unsat	12285
shift-add	overflow_detect_16	1	.007914	unsat	0
shift-add	overflow_detect_16	2	.007841	unsat	0
shift-add	overflow_detect_16	3	.007658	unsat	0
shift-add	overflow_detect_16	4	.007738	unsat	0
shift-add	overflow_detect_16	5	.007644	unsat	0
comba-cs	overflow_detect_16	1	.007651	unsat	0
comba-cs	overflow_detect_16	2	.007632	unsat	0
comba-cs	overflow_detect_16	3	.007620	unsat	0
comba-cs	overflow_detect_16	4	.007583	unsat	0
comba-cs	overflow_detect_16	5	.007539	unsat	0
dadda	overflow_detect_16	1	.007627	unsat	0
dadda	overflow_detect_16	2	.007725	unsat	0
dadda	overflow_detect_16	3	.007513	unsat	0
dadda	overflow_detect_16	4	.007683	unsat	0
dadda	overflow_detect_16	5	.007749	unsat	0
booth	overflow_detect_16	1	.008811	unsat	0
booth	overflow_detect_16	2	.008836	unsat	0
booth	overflow_detect_16	3	.008823	unsat	0
booth	overflow_detect_16	4	.008629	unsat	0
booth	overflow_detect_16	5	.008955	unsat	0
block4	overflow_detect_16	1	.008677	unsat	0
block4	overflow_detect_16	2	.008709	unsat	0
block4	overflow_detect_16	3	.008512	unsat	0
block4	overflow_detect_16	4	.008582	unsat	0
block4	overflow_detect_16	5	.008652	unsat	0
sortnet	overflow_detect_16	1	.074035	unsat	0
sortnet	overflow_detect_16	2	.074417	unsat	0
sortnet	overflow_detect_16	3	.074544	unsat	0
sortnet	overflow_detect_16	4	.073286	unsat	0
sortnet	overflow_detect_16	5	.074866	unsat	0
shift-add	div_mul_roundtrip_12	1	4.014732	unsat	108618
shift-add	div_mul_roundtrip_12	2	4.018330	unsat	108618
shift-add	div_mul_roundtrip_12	3	4.025566	unsat	108618
shift-add	div_mul_roundtrip_12	4	4.024897	unsat	108618
shift-add	div_mul_roundtrip_12	5	4.013556	unsat	108618
comba-cs	div_mul_roundtrip_12	1	4.041345	unsat	110752
comba-cs	div_mul_roundtrip_12	2	4.050279	unsat	110752
comba-cs	div_mul_roundtrip_12	3	4.032569	unsat	110752
comba-cs	div_mul_roundtrip_12	4	4.036306	unsat	110752
comba-cs	div_mul_roundtrip_12	5	4.041372	unsat	110752
dadda	div_mul_roundtrip_12	1	4.249135	unsat	111421
dadda	div_mul_roundtrip_12	2	4.257001	unsat	111421
dadda	div_mul_roundtrip_12	3	4.289138	unsat	111421
dadda	div_mul_roundtrip_12	4	4.267680	unsat	111421
dadda	div_mul_roundtrip_12	5	4.238873	unsat	111421
booth	div_mul_roundtrip_12	1	4.403588	unsat	115058
booth	div_mul_roundtrip_12	2	4.409485	unsat	115058
booth	div_mul_roundtrip_12	3	4.419232	unsat	115058
booth	div_mul_roundtrip_12	4	4.427871	unsat	115058
booth	div_mul_roundtrip_12	5	4.433533	unsat	115058
block4	div_mul_roundtrip_12	1	3.857886	unsat	103773
block4	div_mul_roundtrip_12	2	3.839979	unsat	103773
block4	div_mul_roundtrip_12	3	3.844668	unsat	103773
block4	div_mul_roundtrip_12	4	3.841679	unsat	103773
block4	div_mul_roundtrip_12	5	3.840569	unsat	103773
sortnet	div_mul_roundtrip_12	1	6.328253	unsat	110863
sortnet	div_mul_roundtrip_12	2	6.268032	unsat	110863
sortnet	div_mul_roundtrip_12	3	6.252837	unsat	110863
sortnet	div_mul_roundtrip_12	4	6.259316	unsat	110863
sortnet	div_mul_roundtrip_12	5	6.298888	unsat	110863
shift-add	bf16_mul_comm_v2	1	22.993759	unsat	417623
shift-add	bf16_mul_comm_v2	2	23.141690	unsat	417623
shift-add	bf16_mul_comm_v2	3	22.947474	unsat	417623
shift-add	bf16_mul_comm_v2	4	23.169931	unsat	417623
shift-add	bf16_mul_comm_v2	5	23.166727	unsat	417623
comba-cs	bf16_mul_comm_v2	1	11.253830	unsat	230430
comba-cs	bf16_mul_comm_v2	2	11.215607	unsat	230430
comba-cs	bf16_mul_comm_v2	3	11.146417	unsat	230430
comba-cs	bf16_mul_comm_v2	4	11.220423	unsat	230430
comba-cs	bf16_mul_comm_v2	5	11.207568	unsat	230430
dadda	bf16_mul_comm_v2	1	27.864521	unsat	429315
dadda	bf16_mul_comm_v2	2	27.944745	unsat	429315
dadda	bf16_mul_comm_v2	3	28.203432	unsat	429315
dadda	bf16_mul_comm_v2	4	28.115199	unsat	429315
dadda	bf16_mul_comm_v2	5	28.144630	unsat	429315
booth	bf16_mul_comm_v2	1	23.328705	unsat	417623
booth	bf16_mul_comm_v2	2	23.266577	unsat	417623
booth	bf16_mul_comm_v2	3	23.178000	unsat	417623
booth	bf16_mul_comm_v2	4	23.231020	unsat	417623
booth	bf16_mul_comm_v2	5	23.349763	unsat	417623
block4	bf16_mul_comm_v2	1	23.361532	unsat	417623
block4	bf16_mul_comm_v2	2	23.064561	unsat	417623
block4	bf16_mul_comm_v2	3	23.029224	unsat	417623
block4	bf16_mul_comm_v2	4	23.041468	unsat	417623
block4	bf16_mul_comm_v2	5	23.011151	unsat	417623
sortnet	bf16_mul_comm_v2	1	23.086298	unsat	417623
sortnet	bf16_mul_comm_v2	2	23.090021	unsat	417623
sortnet	bf16_mul_comm_v2	3	23.128642	unsat	417623
sortnet	bf16_mul_comm_v2	4	23.122695	unsat	417623
sortnet	bf16_mul_comm_v2	5	23.025352	unsat	417623
VARIANCE_DONE
