benchmark	primary	secondary	time	result	vars	clauses	conflicts
comm_8	shift-add	none	.686	unsat	252	958	36253
comm_8	shift-add	comba-cs	.131	unsat	652	2560	5923
comm_8	shift-add	comba	.146	unsat	742	2834	5874
comm_8	shift-add	dadda	.199	unsat	492	1948	10324
comm_8	shift-add	booth	.783	unsat	640	2438	30585
comm_8	shift-add	block4	.109	unsat	658	2558	5372
comm_8	comba-cs	none	.088	unsat	426	1612	4614
comm_8	comba-cs	shift-add	.126	unsat	652	2560	5930
comm_8	comba-cs	comba	.174	unsat	916	3488	7948
comm_8	comba-cs	dadda	.150	unsat	666	2602	6562
comm_8	comba-cs	booth	.186	unsat	814	3092	7175
comm_8	comba-cs	block4	.185	unsat	832	3212	7225
comm_8	booth	none	.602	unsat	414	1490	33361
comm_8	booth	shift-add	.727	unsat	640	2438	28354
comm_8	booth	comba-cs	.141	unsat	814	3092	5811
comm_8	booth	comba	.130	unsat	904	3366	5139
comm_8	booth	dadda	.209	unsat	654	2480	10206
comm_8	booth	block4	.235	unsat	820	3090	11072
comm_8	block4	none	.081	unsat	432	1610	4954
comm_8	block4	shift-add	.104	unsat	658	2558	5345
comm_8	block4	comba-cs	.161	unsat	832	3212	6878
comm_8	block4	comba	.107	unsat	922	3486	4300
comm_8	block4	dadda	.134	unsat	672	2600	6471
comm_8	block4	booth	.110	unsat	820	3090	5148
comm_10	shift-add	none	17.230	unsat	394	1543	681586
comm_10	shift-add	comba-cs	.235	unsat	1066	4249	9453
comm_10	shift-add	comba	1.180	unsat	1192	4599	45877
comm_10	shift-add	dadda	1.115	unsat	774	3119	45500
comm_10	shift-add	booth	21.322	unsat	990	3825	580261
comm_10	shift-add	block4	.389	unsat	1062	4159	18671
comm_10	comba-cs	none	.196	unsat	704	2727	9320
comm_10	comba-cs	shift-add	.506	unsat	1066	4249	20400
comm_10	comba-cs	comba	.448	unsat	1502	5783	18730
comm_10	comba-cs	dadda	.561	unsat	1084	4303	23639
comm_10	comba-cs	booth	.366	unsat	1300	5009	13168
comm_10	comba-cs	block4	.812	unsat	1372	5343	28317
comm_10	booth	none	13.613	unsat	628	2303	485810
comm_10	booth	shift-add	22.909	unsat	990	3825	608147
comm_10	booth	comba-cs	.472	unsat	1300	5009	15876
comm_10	booth	comba	.838	unsat	1426	5359	30594
comm_10	booth	dadda	.857	unsat	1008	3879	37492
comm_10	booth	block4	.600	unsat	1296	4919	24333
comm_10	block4	none	.396	unsat	700	2637	22666
comm_10	block4	shift-add	.591	unsat	1062	4159	24849
comm_10	block4	comba-cs	.674	unsat	1372	5343	24409
comm_10	block4	comba	.642	unsat	1498	5693	24245
comm_10	block4	dadda	1.038	unsat	1080	4213	40122
comm_10	block4	booth	.364	unsat	1296	4919	15748
comm_11	shift-add	none	60.004	T/O	477	1883	-
comm_11	shift-add	comba-cs	.660	unsat	1301	5209	22954
comm_11	shift-add	comba	3.439	unsat	1465	5671	116183
comm_11	shift-add	dadda	4.659	unsat	939	3803	140048
comm_11	shift-add	booth	60.004	T/O	1201	4647	-
comm_11	shift-add	block4	.782	unsat	1241	4895	31213
comm_11	comba-cs	none	.425	unsat	859	3349	19931
comm_11	comba-cs	shift-add	.983	unsat	1301	5209	35837
comm_11	comba-cs	comba	1.657	unsat	1847	7137	60836
comm_11	comba-cs	dadda	2.224	unsat	1321	5269	70430
comm_11	comba-cs	booth	1.281	unsat	1583	6113	41090
comm_11	comba-cs	block4	1.251	unsat	1623	6361	39975
comm_11	booth	none	60.004	T/O	759	2787	-
comm_11	booth	shift-add	60.003	T/O	1201	4647	-
comm_11	booth	comba-cs	1.395	unsat	1583	6113	45331
comm_11	booth	comba	3.264	unsat	1747	6575	104662
comm_11	booth	dadda	4.347	unsat	1221	4707	119736
comm_11	booth	block4	.907	unsat	1523	5799	34476
comm_11	block4	none	.244	unsat	799	3035	13879
comm_11	block4	shift-add	.872	unsat	1241	4895	35430
comm_11	block4	comba-cs	1.105	unsat	1623	6361	39539
comm_11	block4	comba	1.862	unsat	1787	6823	63379
comm_11	block4	dadda	2.474	unsat	1261	4955	82724
comm_11	block4	booth	.999	unsat	1523	5799	39421
comm_12	shift-add	none	60.004	T/O	568	2257	-
comm_12	shift-add	comba-cs	1.124	unsat	1552	6239	34712
comm_12	shift-add	comba	4.264	unsat	1758	6825	133072
comm_12	shift-add	dadda	9.787	unsat	1120	4555	232703
comm_12	shift-add	booth	60.004	T/O	1416	5513	-
comm_12	shift-add	block4	1.388	unsat	1428	5665	52141
comm_12	comba-cs	none	1.046	unsat	1022	4007	41447
comm_12	comba-cs	shift-add	1.084	unsat	1552	6239	34774
comm_12	comba-cs	comba	2.570	unsat	2212	8575	87189
comm_12	comba-cs	dadda	1.973	unsat	1574	6305	56992
comm_12	comba-cs	booth	1.036	unsat	1870	7263	28151
comm_12	comba-cs	block4	1.736	unsat	1882	7415	51624
comm_12	booth	none	60.004	T/O	886	3281	-
comm_12	booth	shift-add	60.004	T/O	1416	5513	-
comm_12	booth	comba-cs	1.943	unsat	1870	7263	62441
comm_12	booth	comba	3.741	unsat	2076	7849	114844
comm_12	booth	dadda	9.364	unsat	1438	5579	206385
comm_12	booth	block4	1.591	unsat	1746	6689	60214
comm_12	block4	none	.692	unsat	898	3433	33388
comm_12	block4	shift-add	3.021	unsat	1428	5665	95993
comm_12	block4	comba-cs	1.641	unsat	1882	7415	49299
comm_12	block4	comba	3.461	unsat	2088	8001	105528
comm_12	block4	dadda	8.334	unsat	1450	5731	217765
comm_12	block4	booth	1.064	unsat	1746	6689	45427
comm_14	shift-add	none	60.004	T/O	774	3094	-
comm_14	shift-add	comba-cs	5.149	unsat	2130	8612	141231
comm_14	shift-add	comba	24.741	unsat	2428	9438	516745
comm_14	shift-add	dadda	60.004	T/O	1530	6250	-
comm_14	shift-add	booth	60.004	T/O	1918	7496	-
comm_14	shift-add	block4	8.274	unsat	2038	8078	219322
comm_14	comba-cs	none	3.387	unsat	1400	5534	110627
comm_14	comba-cs	shift-add	8.284	unsat	2130	8612	185213
comm_14	comba-cs	comba	4.405	unsat	3054	11878	114478
comm_14	comba-cs	dadda	6.847	unsat	2156	8690	169105
comm_14	comba-cs	booth	6.073	unsat	2544	9936	153691
comm_14	comba-cs	block4	4.638	unsat	2664	10518	110873
comm_14	booth	none	60.004	T/O	1188	4418	-
comm_14	booth	shift-add	60.004	T/O	1918	7496	-
comm_14	booth	comba-cs	4.969	unsat	2544	9936	118492
comm_14	booth	comba	52.119	unsat	2842	10762	1069555
comm_14	booth	dadda	60.004	T/O	1944	7574	-
comm_14	booth	block4	6.536	unsat	2452	9402	158865
comm_14	block4	none	3.600	unsat	1308	5000	124697
comm_14	block4	shift-add	8.913	unsat	2038	8078	258953
comm_14	block4	comba-cs	4.355	unsat	2664	10518	105524
comm_14	block4	comba	14.384	unsat	2962	11344	337775
comm_14	block4	dadda	11.972	unsat	2064	8156	274727
comm_14	block4	booth	4.566	unsat	2452	9402	121138
strength_chain_16	shift-add	none	1.030	unsat	714	2910	39757
strength_chain_16	shift-add	comba-cs	1.230	unsat	1117	4868	37632
strength_chain_16	shift-add	comba	1.471	unsat	1913	7703	38269
strength_chain_16	shift-add	dadda	.913	unsat	1159	4998	27576
strength_chain_16	shift-add	booth	.079	unsat	899	3742	3468
strength_chain_16	shift-add	block4	.447	unsat	1386	5804	15097
strength_chain_16	comba-cs	none	1.445	unsat	714	2906	43804
strength_chain_16	comba-cs	shift-add	1.042	unsat	1117	4868	34595
strength_chain_16	comba-cs	comba	1.403	unsat	1913	7699	35258
strength_chain_16	comba-cs	dadda	2.510	unsat	1159	4994	60836
strength_chain_16	comba-cs	booth	.069	unsat	899	3738	3271
strength_chain_16	comba-cs	block4	.412	unsat	1386	5800	14343
strength_chain_16	booth	none	.063	unsat	496	1780	4071
strength_chain_16	booth	shift-add	.044	unsat	899	3742	1743
strength_chain_16	booth	comba-cs	.037	unsat	899	3738	1432
strength_chain_16	booth	comba	.060	unsat	1695	6573	1827
strength_chain_16	booth	dadda	.099	unsat	941	3868	4642
strength_chain_16	booth	block4	.062	unsat	1168	4674	2532
strength_chain_16	block4	none	.397	unsat	983	3842	18590
strength_chain_16	block4	shift-add	.692	unsat	1386	5804	22500
strength_chain_16	block4	comba-cs	.387	unsat	1386	5800	14003
strength_chain_16	block4	comba	.868	unsat	2182	8635	25470
strength_chain_16	block4	dadda	.368	unsat	1428	5930	13148
strength_chain_16	block4	booth	.187	unsat	1168	4674	9150
strength_16_31	shift-add	none	.108	unsat	243	1024	6260
strength_16_31	shift-add	comba-cs	.104	unsat	401	1784	5212
strength_16_31	shift-add	comba	.156	unsat	708	2875	6171
strength_16_31	shift-add	dadda	.077	unsat	416	1833	3773
strength_16_31	shift-add	booth	.016	unsat	316	1342	464
strength_16_31	shift-add	block4	.093	unsat	497	2120	4736
strength_16_31	comba-cs	none	.078	unsat	243	1020	4885
strength_16_31	comba-cs	shift-add	.104	unsat	401	1784	5674
strength_16_31	comba-cs	comba	.112	unsat	708	2871	4995
strength_16_31	comba-cs	dadda	.075	unsat	416	1829	4197
strength_16_31	comba-cs	booth	.017	unsat	316	1338	544
strength_16_31	comba-cs	block4	.072	unsat	497	2116	3651
strength_16_31	booth	none	.013	unsat	158	578	386
strength_16_31	booth	shift-add	.017	unsat	316	1342	546
strength_16_31	booth	comba-cs	.017	unsat	316	1338	561
strength_16_31	booth	comba	.020	unsat	623	2429	546
strength_16_31	booth	dadda	.016	unsat	331	1387	473
strength_16_31	booth	block4	.017	unsat	412	1674	463
strength_16_31	block4	none	.061	unsat	339	1356	3919
strength_16_31	block4	shift-add	.069	unsat	497	2120	3536
strength_16_31	block4	comba-cs	.071	unsat	497	2116	3695
strength_16_31	block4	comba	.130	unsat	804	3207	5801
strength_16_31	block4	dadda	.072	unsat	512	2165	3852
strength_16_31	block4	booth	.019	unsat	412	1674	655
mul_ineq_12	shift-add	none	.520	unsat	2876	11717	16899
mul_ineq_12	shift-add	comba-cs	.741	unsat	7366	30181	15789
mul_ineq_12	shift-add	comba	.774	unsat	9042	35425	14545
mul_ineq_12	shift-add	dadda	.634	unsat	5684	23501	12768
mul_ineq_12	shift-add	booth	.947	unsat	7008	27685	17414
mul_ineq_12	shift-add	block4	.652	unsat	6946	27957	12854
mul_ineq_12	comba-cs	none	.520	unsat	2876	11717	16899
mul_ineq_12	comba-cs	shift-add	.614	unsat	5616	23297	14347
mul_ineq_12	comba-cs	comba	.769	unsat	9042	35425	14545
mul_ineq_12	comba-cs	dadda	.629	unsat	5684	23501	12768
mul_ineq_12	comba-cs	booth	.943	unsat	7008	27685	17414
mul_ineq_12	comba-cs	block4	.648	unsat	6946	27957	12854
mul_ineq_12	booth	none	1.503	unsat	4268	16105	43819
mul_ineq_12	booth	shift-add	1.041	unsat	7008	27685	18418
mul_ineq_12	booth	comba-cs	1.064	unsat	8758	34569	16636
mul_ineq_12	booth	comba	1.040	unsat	10434	39813	17148
mul_ineq_12	booth	dadda	.774	unsat	7076	27889	13240
mul_ineq_12	booth	block4	1.032	unsat	8338	32345	18931
mul_ineq_12	block4	none	.502	unsat	4206	16377	14717
mul_ineq_12	block4	shift-add	.677	unsat	6946	27957	14110
mul_ineq_12	block4	comba-cs	.806	unsat	8696	34841	15166
mul_ineq_12	block4	comba	.655	unsat	10372	40085	12338
mul_ineq_12	block4	dadda	.651	unsat	7014	28161	12884
mul_ineq_12	block4	booth	.956	unsat	8338	32345	16973
bf16_mul_comm_v2	shift-add	none	22.191	unsat	1743	6697	417623
bf16_mul_comm_v2	shift-add	comba-cs	22.244	unsat	1743	6697	417623
bf16_mul_comm_v2	shift-add	comba	22.202	unsat	1743	6697	417623
bf16_mul_comm_v2	shift-add	dadda	22.311	unsat	1743	6697	417623
bf16_mul_comm_v2	shift-add	booth	22.218	unsat	1743	6697	417623
bf16_mul_comm_v2	shift-add	block4	22.208	unsat	1743	6697	417623
bf16_mul_comm_v2	comba-cs	none	10.910	unsat	1743	6683	230430
bf16_mul_comm_v2	comba-cs	shift-add	10.862	unsat	1743	6683	230430
bf16_mul_comm_v2	comba-cs	comba	10.807	unsat	1743	6683	230430
bf16_mul_comm_v2	comba-cs	dadda	10.837	unsat	1743	6683	230430
bf16_mul_comm_v2	comba-cs	booth	10.802	unsat	1743	6683	230430
bf16_mul_comm_v2	comba-cs	block4	10.878	unsat	1743	6683	230430
bf16_mul_comm_v2	booth	none	22.282	unsat	1743	6697	417623
bf16_mul_comm_v2	booth	shift-add	22.225	unsat	1743	6697	417623
bf16_mul_comm_v2	booth	comba-cs	22.103	unsat	1743	6697	417623
bf16_mul_comm_v2	booth	comba	22.266	unsat	1743	6697	417623
bf16_mul_comm_v2	booth	dadda	22.201	unsat	1743	6697	417623
bf16_mul_comm_v2	booth	block4	22.183	unsat	1743	6697	417623
bf16_mul_comm_v2	block4	none	22.297	unsat	1743	6697	417623
bf16_mul_comm_v2	block4	shift-add	22.107	unsat	1743	6697	417623
bf16_mul_comm_v2	block4	comba-cs	22.067	unsat	1743	6697	417623
bf16_mul_comm_v2	block4	comba	22.153	unsat	1743	6697	417623
bf16_mul_comm_v2	block4	dadda	21.987	unsat	1743	6697	417623
bf16_mul_comm_v2	block4	booth	22.072	unsat	1743	6697	417623
MULTI_ENCODING_DONE
